id	uid	firstname	lastname	username	email	country	job
1	46432	Denise	Jacobs	djacobs0	djacobs0@mail.com	Brazil	Director of Sales
2	65100	Linda	Sullivan	lsullivan1	lsullivan1@mail.com	Philippines	Help Desk Operator
3	21014	Kathleen	Rice	krice2	krice2@mail.com	Mexico	Recruiting Manager
4	92679	Martin	Tucker	mtucker3	mtucker3@mail.com	Vietnam	VP Accounting
5	84186	Fred	Hall	fhall4	fhall4@mail.com	Pakistan	VP Quality Control
6	77293	Brian	Ellis	bellis5	bellis5@mail.com	Colombia	Design Engineer
7	56829	Clarence	Cook	ccook6	ccook6@mail.com	Philippines	Editor
8	33559	Raymond	Rivera	rrivera7	rrivera7@mail.com	Czech Republic	Office Assistant IV
9	24133	Joe	Crawford	jcrawford8	jcrawford8@mail.com	China	Financial Analyst
10	13641	Thomas	Mitchell	tmitchell9	tmitchell9@mail.com	Georgia	Marketing Manager
11	59180	Gloria	Peters	gpetersa	gpetersa@mail.com	Norway	Registered Nurse
12	40561	Justin	Garza	jgarzab	jgarzab@mail.com	China	Information Systems Manager
13	15453	Edward	Reynolds	ereynoldsc	ereynoldsc@mail.com	Indonesia	Payment Adjustment Coordinator
14	67284	Helen	Murphy	hmurphyd	hmurphyd@mail.com	Indonesia	Senior Quality Engineer
15	24224	Kimberly	Carroll	kcarrolle	kcarrolle@mail.com	China	Nurse Practicioner
16	55192	Donna	Gray	dgrayf	dgrayf@mail.com	Brazil	Geologist I
17	82295	Emily	Harris	eharrisg	eharrisg@mail.com	Canada	Structural Engineer
18	64528	Andrea	Miller	amillerh	amillerh@mail.com	Philippines	Payment Adjustment Coordinator
19	59853	Bruce	Coleman	bcolemani	bcolemani@mail.com	Thailand	Product Engineer
20	72039	Judith	Berry	jberryj	jberryj@mail.com	China	Senior Quality Engineer
21	35679	Dorothy	Kelley	dkelleyk	dkelleyk@mail.com	France	Media Manager II
22	38919	Adam	Hill	ahilll	ahilll@mail.com	Poland	Payment Adjustment Coordinator
23	52646	Donald	Watkins	dwatkinsm	dwatkinsm@mail.com	Japan	Payment Adjustment Coordinator
24	11659	Lisa	Stevens	lstevensn	lstevensn@mail.com	Indonesia	Actuary
25	75184	Martin	Bradley	mbradleyo	mbradleyo@mail.com	Philippines	Design Engineer
26	29438	Nancy	Lee	nleep	nleep@mail.com	Czech Republic	Developer III
27	39047	Walter	Patterson	wpattersonq	wpattersonq@mail.com	China	Help Desk Operator
28	50600	Juan	Rodriguez	jrodriguezr	jrodriguezr@mail.com	China	Registered Nurse
29	34864	Joshua	Austin	jaustins	jaustins@mail.com	China	GIS Technical Architect
30	94157	Cheryl	Hunt	chuntt	chuntt@mail.com	France	Quality Control Specialist
31	36696	Shawn	Powell	spowellu	spowellu@mail.com	Poland	Staff Accountant III
32	45754	Kimberly	Olson	kolsonv	kolsonv@mail.com	Peru	Financial Analyst
33	72614	Phillip	White	pwhitew	pwhitew@mail.com	Portugal	Systems Administrator III
34	90885	Joan	Wright	jwrightx	jwrightx@mail.com	Portugal	Research Assistant IV
35	44059	Jane	Alvarez	jalvarezy	jalvarezy@mail.com	Tanzania	Financial Advisor
36	21271	Linda	Ward	lwardz	lwardz@mail.com	Indonesia	Quality Control Specialist
37	64687	Betty	Perry	bperry10	bperry10@mail.com	Poland	Marketing Assistant
38	95842	Karen	Palmer	kpalmer11	kpalmer11@mail.com	China	Speech Pathologist
39	22061	Jacqueline	Young	jyoung12	jyoung12@mail.com	United States	Analyst Programmer
40	22269	Jacqueline	Martinez	jmartinez13	jmartinez13@mail.com	Croatia	Information Systems Manager
41	39685	Teresa	Ramos	tramos14	tramos14@mail.com	Venezuela	Accountant III
42	64909	Judith	Woods	jwoods15	jwoods15@mail.com	Russia	Structural Analysis Engineer
43	13441	Kenneth	Lawson	klawson16	klawson16@mail.com	Japan	Assistant Media Planner
44	77510	Thomas	Henry	thenry17	thenry17@mail.com	Japan	Sales Associate
45	48193	Tammy	Chavez	tchavez18	tchavez18@mail.com	Japan	Civil Engineer
46	35057	Diana	Lane	dlane19	dlane19@mail.com	Portugal	Structural Analysis Engineer
47	66707	Lisa	Peterson	lpeterson1a	lpeterson1a@mail.com	Canada	Nurse Practicioner
48	26318	Howard	Kennedy	hkennedy1b	hkennedy1b@mail.com	China	Staff Accountant I
49	29891	Russell	Gomez	rgomez1c	rgomez1c@mail.com	Portugal	Product Engineer
50	67833	Cynthia	Freeman	cfreeman1d	cfreeman1d@mail.com	Indonesia	VP Quality Control
51	24060	Scott	Pierce	spierce1e	spierce1e@mail.com	Myanmar	Occupational Therapist
52	65288	Paul	Hawkins	phawkins1f	phawkins1f@mail.com	Sweden	Registered Nurse
53	40854	Margaret	Burton	mburton1g	mburton1g@mail.com	Japan	Mechanical Systems Engineer
54	51043	Bobby	Vasquez	bvasquez1h	bvasquez1h@mail.com	Indonesia	Administrative Assistant I
55	66790	Earl	Gray	egray1i	egray1i@mail.com	Cameroon	Geologist IV
56	57522	Kimberly	Bennett	kbennett1j	kbennett1j@mail.com	China	Accountant II
57	32335	Teresa	Ramos	tramos1k	tramos1k@mail.com	Morocco	Cost Accountant
58	52227	Judith	Taylor	jtaylor1l	jtaylor1l@mail.com	China	Physical Therapy Assistant
59	99885	Jonathan	Murphy	jmurphy1m	jmurphy1m@mail.com	China	Design Engineer
60	18971	Sarah	Burns	sburns1n	sburns1n@mail.com	Brazil	Speech Pathologist
61	10394	Ernest	James	ejames1o	ejames1o@mail.com	Russia	Marketing Manager
62	28067	Michael	Collins	mcollins1p	mcollins1p@mail.com	Cuba	Computer Systems Analyst III
63	60781	Clarence	Duncan	cduncan1q	cduncan1q@mail.com	Malaysia	Pharmacist
64	63709	Chris	Wells	cwells1r	cwells1r@mail.com	Belgium	Recruiter
65	99926	Deborah	Rivera	drivera1s	drivera1s@mail.com	Morocco	Financial Advisor
66	57455	Laura	Henderson	lhenderson1t	lhenderson1t@mail.com	Brazil	Senior Sales Associate
67	14134	Bonnie	Gilbert	bgilbert1u	bgilbert1u@mail.com	Panama	Account Executive
68	19632	Judith	Knight	jknight1v	jknight1v@mail.com	Poland	Nurse
69	78709	Lois	Martinez	lmartinez1w	lmartinez1w@mail.com	Lithuania	Database Administrator I
70	61258	Martin	Kelly	mkelly1x	mkelly1x@mail.com	Myanmar	Sales Representative
71	78621	Clarence	Willis	cwillis1y	cwillis1y@mail.com	Philippines	Engineer III
72	89194	Eugene	Johnson	ejohnson1z	ejohnson1z@mail.com	Mexico	Speech Pathologist
73	12876	Arthur	Hicks	ahicks20	ahicks20@mail.com	China	VP Quality Control
74	41920	Wanda	Richards	wrichards21	wrichards21@mail.com	Peru	Analyst Programmer
75	48118	Pamela	Murray	pmurray22	pmurray22@mail.com	Slovenia	Research Associate
76	25507	Emily	Schmidt	eschmidt23	eschmidt23@mail.com	Czech Republic	Financial Advisor
77	61664	Willie	Green	wgreen24	wgreen24@mail.com	Nepal	Nurse
78	72027	Janice	Butler	jbutler25	jbutler25@mail.com	Indonesia	Cost Accountant
79	21437	Kevin	Hamilton	khamilton26	khamilton26@mail.com	Honduras	Dental Hygienist
80	87045	Kathryn	Castillo	kcastillo27	kcastillo27@mail.com	Albania	Senior Financial Analyst
81	11150	Sandra	Dunn	sdunn28	sdunn28@mail.com	France	Accountant I
82	48540	Laura	James	ljames29	ljames29@mail.com	Philippines	VP Quality Control
83	77191	Billy	Ellis	bellis2a	bellis2a@mail.com	China	Recruiter
84	87306	Arthur	Fuller	afuller2b	afuller2b@mail.com	Sweden	Marketing Manager
85	20176	Beverly	Fields	bfields2c	bfields2c@mail.com	Morocco	Health Coach IV
86	28091	Ann	Willis	awillis2d	awillis2d@mail.com	Philippines	Electrical Engineer
87	86133	Thomas	Welch	twelch2e	twelch2e@mail.com	Japan	Assistant Professor
88	85410	Robert	Burke	rburke2f	rburke2f@mail.com	China	Senior Quality Engineer
89	85755	Katherine	Lewis	klewis2g	klewis2g@mail.com	Indonesia	Environmental Specialist
90	91270	Andrea	Gray	agray2h	agray2h@mail.com	Madagascar	Help Desk Operator
91	62689	Dorothy	Perez	dperez2i	dperez2i@mail.com	Thailand	Senior Developer
92	22747	Amy	Vasquez	avasquez2j	avasquez2j@mail.com	Indonesia	Senior Quality Engineer
93	70529	Susan	Hicks	shicks2k	shicks2k@mail.com	Albania	Chief Design Engineer
94	50904	Kimberly	Diaz	kdiaz2l	kdiaz2l@mail.com	Haiti	Nuclear Power Engineer
95	13101	Tammy	Hudson	thudson2m	thudson2m@mail.com	Philippines	Structural Engineer
96	65784	Gloria	Howell	ghowell2n	ghowell2n@mail.com	Thailand	Assistant Media Planner
97	90664	Margaret	Schmidt	mschmidt2o	mschmidt2o@mail.com	Argentina	Community Outreach Specialist
98	33362	Brandon	Larson	blarson2p	blarson2p@mail.com	Argentina	Administrative Assistant I
99	73497	Robert	Lee	rlee2q	rlee2q@mail.com	China	Web Developer III
100	35729	Walter	Williams	wwilliams2r	wwilliams2r@mail.com	Norway	VP Sales
101	97406	Phyllis	Ramirez	pramirez2s	pramirez2s@mail.com	Russia	Junior Executive
102	57481	John	Black	jblack2t	jblack2t@mail.com	China	VP Sales
103	16612	Wanda	Mccoy	wmccoy2u	wmccoy2u@mail.com	China	Database Administrator IV
104	89740	Phyllis	Hughes	phughes2v	phughes2v@mail.com	Mongolia	Research Assistant II
105	26125	Sean	Ray	sray2w	sray2w@mail.com	Peru	Web Designer III
106	77532	Mildred	Ruiz	mruiz2x	mruiz2x@mail.com	Indonesia	Marketing Assistant
107	97904	Robert	Reid	rreid2y	rreid2y@mail.com	China	Sales Associate
108	80591	Cheryl	Peterson	cpeterson2z	cpeterson2z@mail.com	Russia	Analyst Programmer
109	21119	Albert	Cox	acox30	acox30@mail.com	China	Recruiter
110	13779	Rachel	Carr	rcarr31	rcarr31@mail.com	China	Research Nurse
111	92468	Evelyn	Mendoza	emendoza32	emendoza32@mail.com	Russia	Assistant Professor
112	87230	Raymond	Morris	rmorris33	rmorris33@mail.com	Mongolia	Media Manager I
113	94171	Michelle	Murphy	mmurphy34	mmurphy34@mail.com	China	Recruiting Manager
114	25288	Joyce	Olson	jolson35	jolson35@mail.com	Ireland	VP Accounting
115	85989	Shawn	Garcia	sgarcia36	sgarcia36@mail.com	Canada	Staff Accountant I
116	68801	Henry	Stephens	hstephens37	hstephens37@mail.com	Indonesia	Safety Technician IV
117	83705	Andrea	Hughes	ahughes38	ahughes38@mail.com	Argentina	VP Quality Control
118	99336	Louis	Black	lblack39	lblack39@mail.com	Egypt	Financial Advisor
119	47521	Phyllis	Barnes	pbarnes3a	pbarnes3a@mail.com	Serbia	Administrative Assistant IV
120	66563	Irene	Wallace	iwallace3b	iwallace3b@mail.com	China	Senior Developer
121	20140	Diana	Jackson	djackson3c	djackson3c@mail.com	Portugal	Staff Scientist
122	95217	Timothy	Reyes	treyes3d	treyes3d@mail.com	Czech Republic	Clinical Specialist
123	67435	Barbara	Palmer	bpalmer3e	bpalmer3e@mail.com	Portugal	Compensation Analyst
124	73461	Craig	Harvey	charvey3f	charvey3f@mail.com	Japan	Accountant II
125	41031	Rachel	Riley	rriley3g	rriley3g@mail.com	United States	Business Systems Development Analyst
126	13633	Margaret	Scott	mscott3h	mscott3h@mail.com	China	Chemical Engineer
127	13514	Tina	Russell	trussell3i	trussell3i@mail.com	China	Software Test Engineer IV
128	60532	Paula	Carroll	pcarroll3j	pcarroll3j@mail.com	Poland	Social Worker
129	27025	Gary	Diaz	gdiaz3k	gdiaz3k@mail.com	Latvia	Electrical Engineer
130	28974	Jimmy	Lewis	jlewis3l	jlewis3l@mail.com	United States	Physical Therapy Assistant
131	62454	Maria	Vasquez	mvasquez3m	mvasquez3m@mail.com	China	Sales Representative
132	88265	Raymond	Riley	rriley3n	rriley3n@mail.com	Russia	Product Engineer
133	44463	Robert	Elliott	relliott3o	relliott3o@mail.com	Mexico	Environmental Tech
134	62249	Jacqueline	Moore	jmoore3p	jmoore3p@mail.com	Kazakhstan	Research Nurse
135	47465	Eric	Bennett	ebennett3q	ebennett3q@mail.com	China	Pharmacist
136	21457	Harold	Burke	hburke3r	hburke3r@mail.com	Morocco	Graphic Designer
137	46492	Kelly	Peterson	kpeterson3s	kpeterson3s@mail.com	Portugal	Paralegal
138	78447	Gerald	Chapman	gchapman3t	gchapman3t@mail.com	China	Human Resources Assistant III
139	54333	Linda	Rose	lrose3u	lrose3u@mail.com	Mexico	Occupational Therapist
140	45749	Patricia	Hernandez	phernandez3v	phernandez3v@mail.com	Syria	Assistant Manager
141	87294	Theresa	Riley	triley3w	triley3w@mail.com	Colombia	Research Associate
142	62924	Steve	Carr	scarr3x	scarr3x@mail.com	Philippines	Assistant Manager
143	50509	Ryan	Burton	rburton3y	rburton3y@mail.com	Kosovo	Mechanical Systems Engineer
144	11718	Rose	Pierce	rpierce3z	rpierce3z@mail.com	Tanzania	Software Consultant
145	32111	Amanda	Pierce	apierce40	apierce40@mail.com	Czech Republic	Assistant Media Planner
146	90430	Louis	Woods	lwoods41	lwoods41@mail.com	Argentina	Programmer I
147	68782	Betty	Ramos	bramos42	bramos42@mail.com	Indonesia	Operator
148	93076	Joan	Henderson	jhenderson43	jhenderson43@mail.com	Indonesia	Associate Professor
149	40116	Kevin	Reyes	kreyes44	kreyes44@mail.com	Dominican Republic	Accounting Assistant III
150	76864	Melissa	Henderson	mhenderson45	mhenderson45@mail.com	Senegal	General Manager
151	65099	William	Mendoza	wmendoza46	wmendoza46@mail.com	Sweden	General Manager
152	45868	Phyllis	Patterson	ppatterson47	ppatterson47@mail.com	Mexico	Pharmacist
153	74212	Michael	Gordon	mgordon48	mgordon48@mail.com	Luxembourg	Junior Executive
154	32048	Tina	Ellis	tellis49	tellis49@mail.com	Poland	Quality Engineer
155	55232	Keith	Chavez	kchavez4a	kchavez4a@mail.com	China	Financial Analyst
156	26707	Barbara	Marshall	bmarshall4b	bmarshall4b@mail.com	United States	Staff Accountant IV
157	17902	Carl	Griffin	cgriffin4c	cgriffin4c@mail.com	Pakistan	Editor
158	70227	Walter	Wilson	wwilson4d	wwilson4d@mail.com	United States	VP Sales
159	45860	Phyllis	Gibson	pgibson4e	pgibson4e@mail.com	Indonesia	Technical Writer
160	58971	Rebecca	Reyes	rreyes4f	rreyes4f@mail.com	China	Database Administrator IV
161	55843	Scott	Brown	sbrown4g	sbrown4g@mail.com	Monaco	Design Engineer
162	48214	Arthur	Little	alittle4h	alittle4h@mail.com	China	Accountant II
163	96131	Sharon	Webb	swebb4i	swebb4i@mail.com	Philippines	Administrative Assistant II
164	12510	Emily	Woods	ewoods4j	ewoods4j@mail.com	Brazil	Human Resources Manager
165	29118	Harry	Washington	hwashington4k	hwashington4k@mail.com	Philippines	Mechanical Systems Engineer
166	56601	Rebecca	Hansen	rhansen4l	rhansen4l@mail.com	Russia	Senior Financial Analyst
167	47310	Chris	Lee	clee4m	clee4m@mail.com	France	Internal Auditor
168	42752	Teresa	Simpson	tsimpson4n	tsimpson4n@mail.com	Syria	Executive Secretary
169	13326	Deborah	Moore	dmoore4o	dmoore4o@mail.com	South Sudan	Cost Accountant
170	90031	Carol	Reyes	creyes4p	creyes4p@mail.com	Indonesia	Registered Nurse
171	43673	Angela	Stanley	astanley4q	astanley4q@mail.com	Thailand	Cost Accountant
172	29540	Raymond	Dean	rdean4r	rdean4r@mail.com	China	VP Product Management
173	47650	Billy	Woods	bwoods4s	bwoods4s@mail.com	Burkina Faso	Cost Accountant
174	40592	Barbara	Rose	brose4t	brose4t@mail.com	China	Physical Therapy Assistant
175	78336	Frances	Ferguson	fferguson4u	fferguson4u@mail.com	Indonesia	GIS Technical Architect
176	21295	Nicholas	Shaw	nshaw4v	nshaw4v@mail.com	Uganda	Graphic Designer
177	44488	Willie	Medina	wmedina4w	wmedina4w@mail.com	Greece	Programmer Analyst II
178	21508	Johnny	Perez	jperez4x	jperez4x@mail.com	Czech Republic	Project Manager
179	64447	Lawrence	Gonzalez	lgonzalez4y	lgonzalez4y@mail.com	France	Help Desk Operator
180	73573	Willie	Cruz	wcruz4z	wcruz4z@mail.com	Indonesia	VP Marketing
181	28388	Todd	Carr	tcarr50	tcarr50@mail.com	Malaysia	Director of Sales
182	44069	Ruby	Bowman	rbowman51	rbowman51@mail.com	Brazil	Developer IV
183	66655	Adam	Mitchell	amitchell52	amitchell52@mail.com	Sweden	Research Nurse
184	93516	Sharon	Black	sblack53	sblack53@mail.com	Brazil	VP Product Management
185	39286	Rebecca	Alvarez	ralvarez54	ralvarez54@mail.com	Brazil	Civil Engineer
186	15491	Laura	Mccoy	lmccoy55	lmccoy55@mail.com	Poland	Systems Administrator I
187	20960	Gary	Hunt	ghunt56	ghunt56@mail.com	Greece	Human Resources Assistant II
188	48326	Aaron	Weaver	aweaver57	aweaver57@mail.com	Philippines	Web Designer I
189	34855	Jesse	Dunn	jdunn58	jdunn58@mail.com	Philippines	Occupational Therapist
190	30242	Deborah	Wallace	dwallace59	dwallace59@mail.com	Japan	Automation Specialist IV
191	30445	Debra	Payne	dpayne5a	dpayne5a@mail.com	Mexico	Compensation Analyst
192	56445	Martha	Hunt	mhunt5b	mhunt5b@mail.com	Brazil	Dental Hygienist
193	69797	Ralph	Ford	rford5c	rford5c@mail.com	China	Registered Nurse
194	86600	Joe	Black	jblack5d	jblack5d@mail.com	Portugal	Staff Accountant III
195	11833	Margaret	Carr	mcarr5e	mcarr5e@mail.com	Brazil	Quality Engineer
196	41290	Diana	Fuller	dfuller5f	dfuller5f@mail.com	Bulgaria	Web Designer IV
197	13812	Walter	Stevens	wstevens5g	wstevens5g@mail.com	Portugal	Desktop Support Technician
198	38773	Paul	Brooks	pbrooks5h	pbrooks5h@mail.com	China	Software Test Engineer I
199	59616	Harry	Bell	hbell5i	hbell5i@mail.com	Macedonia	Structural Analysis Engineer
200	44188	Christina	Frazier	cfrazier5j	cfrazier5j@mail.com	Indonesia	Chief Design Engineer
201	79153	Jane	Baker	jbaker5k	jbaker5k@mail.com	Indonesia	Professor
202	40939	Doris	Price	dprice5l	dprice5l@mail.com	Liberia	Recruiter
203	56750	Mary	Holmes	mholmes5m	mholmes5m@mail.com	Malaysia	GIS Technical Architect
204	43758	Shawn	Palmer	spalmer5n	spalmer5n@mail.com	Honduras	Engineer II
205	73415	Gloria	Perkins	gperkins5o	gperkins5o@mail.com	China	VP Sales
206	79241	Roger	Bradley	rbradley5p	rbradley5p@mail.com	Russia	VP Marketing
207	60040	Ruth	Fields	rfields5q	rfields5q@mail.com	Indonesia	Software Engineer II
208	85741	Paul	Ruiz	pruiz5r	pruiz5r@mail.com	Lithuania	Financial Analyst
209	47472	Joseph	Chapman	jchapman5s	jchapman5s@mail.com	Argentina	Administrative Assistant II
210	76746	Ann	Dean	adean5t	adean5t@mail.com	Russia	Human Resources Assistant II
211	63600	Jerry	West	jwest5u	jwest5u@mail.com	Spain	Executive Secretary
212	87527	Doris	Adams	dadams5v	dadams5v@mail.com	Indonesia	Safety Technician IV
213	62962	Dennis	Pierce	dpierce5w	dpierce5w@mail.com	Serbia	Environmental Tech
214	66427	Christopher	Boyd	cboyd5x	cboyd5x@mail.com	Brazil	Staff Scientist
215	40378	Christina	Richards	crichards5y	crichards5y@mail.com	Russia	Professor
216	84982	Willie	Anderson	wanderson5z	wanderson5z@mail.com	Kazakhstan	Quality Control Specialist
217	64189	Christopher	Larson	clarson60	clarson60@mail.com	Indonesia	Operator
218	14658	Eric	Wheeler	ewheeler61	ewheeler61@mail.com	Indonesia	Recruiter
219	34891	Tina	Gray	tgray62	tgray62@mail.com	Philippines	Legal Assistant
220	24701	Jean	Bennett	jbennett63	jbennett63@mail.com	Indonesia	Administrative Officer
221	42121	Jesse	Hunter	jhunter64	jhunter64@mail.com	China	Registered Nurse
222	57576	Steve	Tucker	stucker65	stucker65@mail.com	Ecuador	Chief Design Engineer
223	37023	Sharon	Elliott	selliott66	selliott66@mail.com	China	Registered Nurse
224	40907	Alan	Hernandez	ahernandez67	ahernandez67@mail.com	Serbia	Research Associate
225	13489	Joe	Mcdonald	jmcdonald68	jmcdonald68@mail.com	Mexico	Marketing Manager
226	69496	Cynthia	Phillips	cphillips69	cphillips69@mail.com	United States	Executive Secretary
227	66503	Sean	Mcdonald	smcdonald6a	smcdonald6a@mail.com	Poland	Research Associate
228	96781	Victor	Reed	vreed6b	vreed6b@mail.com	Albania	Staff Scientist
229	73322	Jennifer	Miller	jmiller6c	jmiller6c@mail.com	Russia	Environmental Specialist
230	64147	Gary	Matthews	gmatthews6d	gmatthews6d@mail.com	Russia	VP Product Management
231	41008	Lisa	Romero	lromero6e	lromero6e@mail.com	United States	Director of Sales
232	76509	Donna	Myers	dmyers6f	dmyers6f@mail.com	Philippines	Accountant II
233	34941	Terry	Montgomery	tmontgomery6g	tmontgomery6g@mail.com	Philippines	Human Resources Assistant I
234	10547	Victor	Garrett	vgarrett6h	vgarrett6h@mail.com	Nigeria	Graphic Designer
235	88500	Jane	Johnston	jjohnston6i	jjohnston6i@mail.com	Belarus	Research Associate
236	80441	Bonnie	Stevens	bstevens6j	bstevens6j@mail.com	Portugal	Statistician IV
237	46764	Lois	West	lwest6k	lwest6k@mail.com	Philippines	Programmer Analyst III
238	28082	William	Gutierrez	wgutierrez6l	wgutierrez6l@mail.com	Indonesia	Software Consultant
239	83607	Jesse	King	jking6m	jking6m@mail.com	Albania	Physical Therapy Assistant
240	76689	Michelle	Moore	mmoore6n	mmoore6n@mail.com	France	Dental Hygienist
241	30018	Howard	Shaw	hshaw6o	hshaw6o@mail.com	China	Desktop Support Technician
242	84023	Sharon	Brooks	sbrooks6p	sbrooks6p@mail.com	Iran	Social Worker
243	16422	Dennis	Henderson	dhenderson6q	dhenderson6q@mail.com	Indonesia	Associate Professor
244	45054	Patrick	Wood	pwood6r	pwood6r@mail.com	Indonesia	Data Coordiator
245	26424	Jonathan	Little	jlittle6s	jlittle6s@mail.com	China	Account Representative I
246	27134	Aaron	Berry	aberry6t	aberry6t@mail.com	Cuba	Senior Sales Associate
247	80422	Carl	Murphy	cmurphy6u	cmurphy6u@mail.com	China	Engineer II
248	67773	Christina	Anderson	canderson6v	canderson6v@mail.com	China	Budget/Accounting Analyst I
249	35027	Mildred	Thompson	mthompson6w	mthompson6w@mail.com	Malta	Software Consultant
250	54661	Edward	Reynolds	ereynolds6x	ereynolds6x@mail.com	Poland	Software Engineer I
251	74782	Evelyn	Stevens	estevens6y	estevens6y@mail.com	China	Professor
252	73117	Annie	Franklin	afranklin6z	afranklin6z@mail.com	China	Quality Engineer
253	36424	Theresa	Cunningham	tcunningham70	tcunningham70@mail.com	Peru	Software Consultant
254	18385	Jeremy	Elliott	jelliott71	jelliott71@mail.com	Finland	Media Manager II
255	18998	Justin	Hill	jhill72	jhill72@mail.com	China	Programmer Analyst I
256	16784	Beverly	Thompson	bthompson73	bthompson73@mail.com	Zambia	Sales Associate
257	81644	Shirley	Armstrong	sarmstrong74	sarmstrong74@mail.com	Russia	Product Engineer
258	69826	Sandra	Larson	slarson75	slarson75@mail.com	Indonesia	Project Manager
259	61057	Emily	Smith	esmith76	esmith76@mail.com	Indonesia	Health Coach II
260	89077	Jason	Ryan	jryan77	jryan77@mail.com	Sweden	Account Executive
261	56980	Jeremy	Wright	jwright78	jwright78@mail.com	Indonesia	Pharmacist
262	41091	Diana	Burke	dburke79	dburke79@mail.com	China	Information Systems Manager
263	14466	Philip	Hunter	phunter7a	phunter7a@mail.com	Bosnia and Herzegovina	Senior Quality Engineer
264	21258	Amanda	Ray	aray7b	aray7b@mail.com	Portugal	Social Worker
265	11987	Adam	Mitchell	amitchell7c	amitchell7c@mail.com	Malaysia	Paralegal
266	68024	John	Vasquez	jvasquez7d	jvasquez7d@mail.com	Brazil	Web Developer IV
267	46089	Christina	Mills	cmills7e	cmills7e@mail.com	Tanzania	Structural Engineer
268	21425	Andrew	Perez	aperez7f	aperez7f@mail.com	Indonesia	Database Administrator I
269	65416	William	West	wwest7g	wwest7g@mail.com	Belarus	Senior Editor
270	99260	Jane	Webb	jwebb7h	jwebb7h@mail.com	Philippines	Dental Hygienist
271	41558	Sarah	Burton	sburton7i	sburton7i@mail.com	Norway	VP Quality Control
272	42770	Arthur	Morales	amorales7j	amorales7j@mail.com	Czech Republic	Desktop Support Technician
273	46775	Albert	Gonzales	agonzales7k	agonzales7k@mail.com	Canada	Statistician IV
274	27424	Lois	Parker	lparker7l	lparker7l@mail.com	Russia	Marketing Manager
275	49830	Carlos	Young	cyoung7m	cyoung7m@mail.com	Greece	VP Quality Control
276	60251	Roger	Knight	rknight7n	rknight7n@mail.com	Indonesia	Environmental Specialist
277	35681	Lillian	Fox	lfox7o	lfox7o@mail.com	Indonesia	Software Test Engineer II
278	80116	Mary	Lane	mlane7p	mlane7p@mail.com	Vietnam	Tax Accountant
279	14531	Douglas	Rogers	drogers7q	drogers7q@mail.com	Russia	VP Accounting
280	91314	Alice	Smith	asmith7r	asmith7r@mail.com	Brazil	Senior Quality Engineer
281	74926	Mildred	Ramos	mramos7s	mramos7s@mail.com	Indonesia	Account Executive
282	83961	Daniel	Schmidt	dschmidt7t	dschmidt7t@mail.com	Afghanistan	Programmer I
283	49762	Anna	Richards	arichards7u	arichards7u@mail.com	El Salvador	Software Engineer II
284	79730	Tina	Lane	tlane7v	tlane7v@mail.com	Philippines	Mechanical Systems Engineer
285	77529	Virginia	Robinson	vrobinson7w	vrobinson7w@mail.com	Venezuela	Human Resources Manager
286	17381	John	Mendoza	jmendoza7x	jmendoza7x@mail.com	Paraguay	Quality Engineer
287	53513	Paul	Wagner	pwagner7y	pwagner7y@mail.com	Poland	Registered Nurse
288	58948	Carol	Weaver	cweaver7z	cweaver7z@mail.com	Poland	Computer Systems Analyst I
289	40785	Linda	Hill	lhill80	lhill80@mail.com	Canada	Safety Technician III
290	53151	Carlos	Butler	cbutler81	cbutler81@mail.com	China	Help Desk Operator
291	91669	Helen	Stewart	hstewart82	hstewart82@mail.com	Russia	Administrative Assistant II
292	66731	Peter	Lewis	plewis83	plewis83@mail.com	Indonesia	Sales Representative
293	59233	Christina	Harrison	charrison84	charrison84@mail.com	Brazil	Assistant Manager
294	69445	Tina	Ruiz	truiz85	truiz85@mail.com	United States	Recruiter
295	54531	Adam	Barnes	abarnes86	abarnes86@mail.com	Czech Republic	Compensation Analyst
296	98648	Adam	Long	along87	along87@mail.com	Indonesia	Senior Sales Associate
297	46369	Matthew	Baker	mbaker88	mbaker88@mail.com	United States	Senior Quality Engineer
298	95420	Julia	Mccoy	jmccoy89	jmccoy89@mail.com	Indonesia	Food Chemist
299	10304	Ann	Flores	aflores8a	aflores8a@mail.com	Ethiopia	Software Test Engineer III
300	84620	Gerald	Dean	gdean8b	gdean8b@mail.com	Bulgaria	Quality Engineer
301	39999	Adam	Hudson	ahudson8c	ahudson8c@mail.com	Indonesia	Tax Accountant
302	67380	Eugene	Harrison	eharrison8d	eharrison8d@mail.com	Ethiopia	Occupational Therapist
303	72340	Laura	Brooks	lbrooks8e	lbrooks8e@mail.com	Indonesia	Project Manager
304	61387	Phillip	Wright	pwright8f	pwright8f@mail.com	China	Occupational Therapist
305	80163	Scott	Sullivan	ssullivan8g	ssullivan8g@mail.com	Kazakhstan	Staff Accountant I
306	16520	Henry	Davis	hdavis8h	hdavis8h@mail.com	Russia	Help Desk Operator
307	41665	Juan	Dean	jdean8i	jdean8i@mail.com	United States	Programmer IV
308	22247	Anna	Graham	agraham8j	agraham8j@mail.com	Philippines	Registered Nurse
309	74759	Adam	Stanley	astanley8k	astanley8k@mail.com	Thailand	Compensation Analyst
310	98105	Kevin	Lane	klane8l	klane8l@mail.com	Benin	Paralegal
311	32198	James	Hughes	jhughes8m	jhughes8m@mail.com	Czech Republic	Automation Specialist III
312	73830	Lillian	Weaver	lweaver8n	lweaver8n@mail.com	Paraguay	Automation Specialist I
313	31370	Louis	Henry	lhenry8o	lhenry8o@mail.com	France	General Manager
314	66767	Heather	Andrews	handrews8p	handrews8p@mail.com	Indonesia	Associate Professor
315	50937	Judy	Gonzales	jgonzales8q	jgonzales8q@mail.com	Indonesia	Librarian
316	45513	Billy	Hudson	bhudson8r	bhudson8r@mail.com	Mali	Quality Control Specialist
317	17426	Harold	Clark	hclark8s	hclark8s@mail.com	Russia	Internal Auditor
318	63296	Carl	Davis	cdavis8t	cdavis8t@mail.com	China	Chief Design Engineer
319	94690	Lois	Vasquez	lvasquez8u	lvasquez8u@mail.com	China	Automation Specialist I
320	16580	David	Harrison	dharrison8v	dharrison8v@mail.com	China	Nurse
321	91877	Roy	Diaz	rdiaz8w	rdiaz8w@mail.com	China	Recruiter
322	36662	Arthur	Peterson	apeterson8x	apeterson8x@mail.com	Lithuania	VP Accounting
323	51298	Evelyn	Vasquez	evasquez8y	evasquez8y@mail.com	France	Senior Developer
324	80845	Carolyn	Carr	ccarr8z	ccarr8z@mail.com	United States	Sales Representative
325	79503	Kelly	Ellis	kellis90	kellis90@mail.com	China	VP Sales
326	89539	Amy	Morales	amorales91	amorales91@mail.com	China	Legal Assistant
327	23213	Ashley	Gardner	agardner92	agardner92@mail.com	Indonesia	Paralegal
328	32047	Ruby	Frazier	rfrazier93	rfrazier93@mail.com	Czech Republic	Chief Design Engineer
329	34463	Ashley	Ford	aford94	aford94@mail.com	Russia	Legal Assistant
330	23012	David	Palmer	dpalmer95	dpalmer95@mail.com	Peru	Compensation Analyst
331	71459	Peter	Kelley	pkelley96	pkelley96@mail.com	Venezuela	Engineer IV
332	43691	Kathy	Hamilton	khamilton97	khamilton97@mail.com	Chile	Senior Financial Analyst
333	36896	Melissa	Alexander	malexander98	malexander98@mail.com	Indonesia	Marketing Manager
334	72585	Robert	Evans	revans99	revans99@mail.com	Indonesia	Desktop Support Technician
335	72286	Irene	Williams	iwilliams9a	iwilliams9a@mail.com	China	Associate Professor
336	47676	David	Johnson	djohnson9b	djohnson9b@mail.com	Indonesia	Physical Therapy Assistant
337	57052	Douglas	Jackson	djackson9c	djackson9c@mail.com	Poland	VP Marketing
338	16180	Maria	Rodriguez	mrodriguez9d	mrodriguez9d@mail.com	Sweden	Desktop Support Technician
339	23347	Bobby	Miller	bmiller9e	bmiller9e@mail.com	China	Mechanical Systems Engineer
340	67277	Steve	Simmons	ssimmons9f	ssimmons9f@mail.com	Myanmar	Civil Engineer
341	96559	Harold	Anderson	handerson9g	handerson9g@mail.com	China	Senior Cost Accountant
342	67024	Denise	Kelley	dkelley9h	dkelley9h@mail.com	China	Research Assistant II
343	89327	Roger	Gonzales	rgonzales9i	rgonzales9i@mail.com	China	Desktop Support Technician
344	42578	Jerry	Stevens	jstevens9j	jstevens9j@mail.com	Serbia	Web Designer II
345	31925	Frank	Moore	fmoore9k	fmoore9k@mail.com	Uzbekistan	Environmental Specialist
346	49782	Terry	Bradley	tbradley9l	tbradley9l@mail.com	Ukraine	Assistant Media Planner
347	55360	Samuel	Bell	sbell9m	sbell9m@mail.com	Cyprus	Community Outreach Specialist
348	99456	Evelyn	Brooks	ebrooks9n	ebrooks9n@mail.com	Philippines	Accounting Assistant IV
349	50806	Lawrence	Willis	lwillis9o	lwillis9o@mail.com	France	Account Representative II
350	22586	Robert	Graham	rgraham9p	rgraham9p@mail.com	China	VP Product Management
351	59505	Terry	Brown	tbrown9q	tbrown9q@mail.com	Greece	Payment Adjustment Coordinator
352	95799	Peter	Hill	phill9r	phill9r@mail.com	China	Recruiter
353	95542	Louis	Fisher	lfisher9s	lfisher9s@mail.com	Uruguay	Account Representative II
354	41670	Sean	Harper	sharper9t	sharper9t@mail.com	Nigeria	Marketing Manager
355	50755	Mark	Willis	mwillis9u	mwillis9u@mail.com	Dominican Republic	Financial Analyst
356	79685	Craig	Alexander	calexander9v	calexander9v@mail.com	Kazakhstan	Web Designer IV
357	67458	Judy	Wallace	jwallace9w	jwallace9w@mail.com	Montenegro	Budget/Accounting Analyst II
358	83942	William	Berry	wberry9x	wberry9x@mail.com	Canada	Tax Accountant
359	15096	Pamela	Willis	pwillis9y	pwillis9y@mail.com	Japan	Graphic Designer
360	27451	Jean	Lane	jlane9z	jlane9z@mail.com	Malaysia	Nurse
361	25857	Sandra	Thomas	sthomasa0	sthomasa0@mail.com	China	Assistant Media Planner
362	33322	Stephen	Tucker	stuckera1	stuckera1@mail.com	Indonesia	Product Engineer
363	80112	Frank	Murphy	fmurphya2	fmurphya2@mail.com	Armenia	Chemical Engineer
364	40054	Amanda	Myers	amyersa3	amyersa3@mail.com	United States	Marketing Manager
365	76297	Teresa	Dixon	tdixona4	tdixona4@mail.com	China	Environmental Tech
366	10913	Jonathan	Henry	jhenrya5	jhenrya5@mail.com	Kazakhstan	Engineer II
367	69275	Lawrence	Wagner	lwagnera6	lwagnera6@mail.com	Poland	Administrative Assistant IV
368	92134	Mildred	Jacobs	mjacobsa7	mjacobsa7@mail.com	Mongolia	Teacher
369	26331	Bruce	Garza	bgarzaa8	bgarzaa8@mail.com	Brazil	Senior Financial Analyst
370	17019	Jennifer	Sanders	jsandersa9	jsandersa9@mail.com	Colombia	Speech Pathologist
371	36952	Julia	Howell	jhowellaa	jhowellaa@mail.com	China	Help Desk Operator
372	25908	Sandra	Black	sblackab	sblackab@mail.com	Indonesia	Desktop Support Technician
373	31083	Steven	Stevens	sstevensac	sstevensac@mail.com	Israel	Staff Accountant I
374	50294	Nancy	Willis	nwillisad	nwillisad@mail.com	Indonesia	VP Accounting
375	33844	Anthony	Martin	amartinae	amartinae@mail.com	Indonesia	Help Desk Technician
376	30560	Deborah	Jones	djonesaf	djonesaf@mail.com	Kyrgyzstan	Mechanical Systems Engineer
377	93354	Harry	Torres	htorresag	htorresag@mail.com	China	Pharmacist
378	48514	Joe	Vasquez	jvasquezah	jvasquezah@mail.com	Indonesia	Occupational Therapist
379	10301	Juan	Griffin	jgriffinai	jgriffinai@mail.com	Poland	Senior Quality Engineer
380	20843	Wanda	Stone	wstoneaj	wstoneaj@mail.com	China	Help Desk Technician
381	63007	Philip	Dean	pdeanak	pdeanak@mail.com	United States	Marketing Manager
382	15630	Karen	Lane	klaneal	klaneal@mail.com	Indonesia	Research Associate
383	44616	Joseph	Mendoza	jmendozaam	jmendozaam@mail.com	Poland	Marketing Assistant
384	61630	Christina	Riley	crileyan	crileyan@mail.com	Russia	Administrative Officer
385	62680	Keith	Peters	kpetersao	kpetersao@mail.com	Czech Republic	Accounting Assistant II
386	76027	Samuel	Fields	sfieldsap	sfieldsap@mail.com	Indonesia	Software Engineer I
387	82770	Janice	Hansen	jhansenaq	jhansenaq@mail.com	China	Speech Pathologist
388	72682	Peter	Perkins	pperkinsar	pperkinsar@mail.com	France	Engineer IV
389	36533	Brian	Wagner	bwagneras	bwagneras@mail.com	China	Engineer II
390	69785	Sara	Hughes	shughesat	shughesat@mail.com	France	Account Representative I
391	91133	Linda	Little	llittleau	llittleau@mail.com	Malaysia	GIS Technical Architect
392	26125	Douglas	Oliver	doliverav	doliverav@mail.com	China	Senior Quality Engineer
393	17541	Karen	Mcdonald	kmcdonaldaw	kmcdonaldaw@mail.com	China	Structural Engineer
394	35686	Janice	Lawson	jlawsonax	jlawsonax@mail.com	Canada	Help Desk Technician
395	75732	Melissa	Gomez	mgomezay	mgomezay@mail.com	Greece	Research Nurse
396	63189	Jimmy	Palmer	jpalmeraz	jpalmeraz@mail.com	Serbia	Help Desk Operator
397	64571	Mary	Kelly	mkellyb0	mkellyb0@mail.com	Mexico	Assistant Media Planner
398	99316	Heather	Palmer	hpalmerb1	hpalmerb1@mail.com	China	Human Resources Manager
399	55468	Richard	Clark	rclarkb2	rclarkb2@mail.com	Sweden	Assistant Professor
400	94249	Katherine	Ford	kfordb3	kfordb3@mail.com	Peru	Director of Sales
401	47094	Ruby	Carr	rcarrb4	rcarrb4@mail.com	Indonesia	Speech Pathologist
402	31189	Scott	Boyd	sboydb5	sboydb5@mail.com	Haiti	Human Resources Manager
403	82447	Matthew	Harvey	mharveyb6	mharveyb6@mail.com	Indonesia	Biostatistician I
404	45119	Sean	Wilson	swilsonb7	swilsonb7@mail.com	Philippines	Recruiter
405	52338	Lawrence	Wood	lwoodb8	lwoodb8@mail.com	China	Legal Assistant
406	40792	Jimmy	Cook	jcookb9	jcookb9@mail.com	Indonesia	Help Desk Technician
407	18519	Kenneth	Lynch	klynchba	klynchba@mail.com	China	Quality Engineer
408	18589	Karen	Simmons	ksimmonsbb	ksimmonsbb@mail.com	China	Dental Hygienist
409	50795	Lillian	Davis	ldavisbc	ldavisbc@mail.com	Indonesia	Operator
410	15717	Amy	Washington	awashingtonbd	awashingtonbd@mail.com	Indonesia	Office Assistant I
411	21441	Martha	Snyder	msnyderbe	msnyderbe@mail.com	Russia	VP Product Management
412	97837	Heather	Armstrong	harmstrongbf	harmstrongbf@mail.com	China	Software Test Engineer IV
413	93421	Amanda	Lewis	alewisbg	alewisbg@mail.com	China	Food Chemist
414	26657	Jerry	Webb	jwebbbh	jwebbbh@mail.com	Japan	Safety Technician IV
415	12248	John	Kennedy	jkennedybi	jkennedybi@mail.com	China	Human Resources Manager
416	40838	Tammy	Baker	tbakerbj	tbakerbj@mail.com	France	Junior Executive
417	27527	Rachel	Pierce	rpiercebk	rpiercebk@mail.com	Venezuela	Product Engineer
418	21183	Jason	Watkins	jwatkinsbl	jwatkinsbl@mail.com	China	Marketing Manager
419	84119	Paula	Cooper	pcooperbm	pcooperbm@mail.com	China	Administrative Assistant II
420	13196	Lois	Pierce	lpiercebn	lpiercebn@mail.com	Portugal	Analog Circuit Design manager
421	56288	Justin	Bailey	jbaileybo	jbaileybo@mail.com	Philippines	Chemical Engineer
422	45525	Steven	White	swhitebp	swhitebp@mail.com	China	Analyst Programmer
423	85642	Diane	Schmidt	dschmidtbq	dschmidtbq@mail.com	Indonesia	Nurse
424	66162	Angela	Stanley	astanleybr	astanleybr@mail.com	China	Sales Associate
425	12991	Harry	Johnston	hjohnstonbs	hjohnstonbs@mail.com	Indonesia	Registered Nurse
426	76354	Norma	Williamson	nwilliamsonbt	nwilliamsonbt@mail.com	Indonesia	VP Quality Control
427	19475	Julia	Stanley	jstanleybu	jstanleybu@mail.com	France	Cost Accountant
428	88405	Eugene	Gilbert	egilbertbv	egilbertbv@mail.com	Guinea-Bissau	Staff Accountant III
429	79359	Craig	Reid	creidbw	creidbw@mail.com	Poland	Human Resources Assistant II
430	29582	Thomas	Coleman	tcolemanbx	tcolemanbx@mail.com	China	Analog Circuit Design manager
431	93761	Carl	Austin	caustinby	caustinby@mail.com	Philippines	Analyst Programmer
432	67123	Irene	Shaw	ishawbz	ishawbz@mail.com	Armenia	Compensation Analyst
433	61684	Billy	Andrews	bandrewsc0	bandrewsc0@mail.com	Mauritius	Statistician III
434	63817	James	Stone	jstonec1	jstonec1@mail.com	Malaysia	Technical Writer
435	88580	Joyce	Gomez	jgomezc2	jgomezc2@mail.com	Indonesia	Assistant Professor
436	47991	Alan	Ramos	aramosc3	aramosc3@mail.com	Indonesia	Actuary
437	21617	Annie	Andrews	aandrewsc4	aandrewsc4@mail.com	Latvia	Help Desk Technician
438	82344	Rachel	Oliver	roliverc5	roliverc5@mail.com	Luxembourg	Nurse Practicioner
439	97421	Kathy	Garrett	kgarrettc6	kgarrettc6@mail.com	United States	Graphic Designer
440	14145	Jeremy	Thompson	jthompsonc7	jthompsonc7@mail.com	Philippines	GIS Technical Architect
441	19719	Charles	Meyer	cmeyerc8	cmeyerc8@mail.com	Argentina	Design Engineer
442	17190	Alice	Frazier	afrazierc9	afrazierc9@mail.com	East Timor	Chemical Engineer
443	34539	Clarence	Nelson	cnelsonca	cnelsonca@mail.com	Montserrat	General Manager
444	14217	George	Davis	gdaviscb	gdaviscb@mail.com	Guatemala	Account Executive
445	59574	Sean	Harris	sharriscc	sharriscc@mail.com	Indonesia	Project Manager
446	20105	Heather	Hanson	hhansoncd	hhansoncd@mail.com	Poland	GIS Technical Architect
447	73587	George	Garrett	ggarrettce	ggarrettce@mail.com	Benin	Senior Financial Analyst
448	72607	Stephanie	Ward	swardcf	swardcf@mail.com	Portugal	Mechanical Systems Engineer
449	84094	Terry	Fernandez	tfernandezcg	tfernandezcg@mail.com	China	Cost Accountant
450	64897	Julia	Simpson	jsimpsonch	jsimpsonch@mail.com	Uganda	Nurse Practicioner
451	61688	Andrew	Morgan	amorganci	amorganci@mail.com	Brazil	Tax Accountant
452	83792	Kevin	Cole	kcolecj	kcolecj@mail.com	Russia	Software Consultant
453	82016	Kevin	Black	kblackck	kblackck@mail.com	Serbia	Associate Professor
454	97649	Daniel	Sims	dsimscl	dsimscl@mail.com	China	Actuary
455	60365	Lori	Garcia	lgarciacm	lgarciacm@mail.com	China	Assistant Manager
456	20889	Kathryn	Mills	kmillscn	kmillscn@mail.com	Democratic Republic of the Congo	Programmer I
457	19657	Lawrence	Wood	lwoodco	lwoodco@mail.com	China	Marketing Assistant
458	39075	Jose	Jenkins	jjenkinscp	jjenkinscp@mail.com	China	Information Systems Manager
459	17930	Irene	Nguyen	inguyencq	inguyencq@mail.com	Russia	Marketing Manager
460	52129	Cheryl	Taylor	ctaylorcr	ctaylorcr@mail.com	Morocco	Compensation Analyst
461	29791	Jerry	Lewis	jlewiscs	jlewiscs@mail.com	Brazil	Information Systems Manager
462	79029	Donna	Rice	dricect	dricect@mail.com	France	Help Desk Technician
463	41903	Charles	Scott	cscottcu	cscottcu@mail.com	Indonesia	Associate Professor
464	92079	Arthur	Bailey	abaileycv	abaileycv@mail.com	Macedonia	Assistant Media Planner
465	86938	Stephanie	Ryan	sryancw	sryancw@mail.com	France	Tax Accountant
466	36614	Rachel	Myers	rmyerscx	rmyerscx@mail.com	Sweden	Computer Systems Analyst III
467	46674	Joyce	Martin	jmartincy	jmartincy@mail.com	Brazil	Health Coach II
468	16568	Heather	Kelly	hkellycz	hkellycz@mail.com	Poland	Executive Secretary
469	80050	Amy	Perez	aperezd0	aperezd0@mail.com	Brazil	Human Resources Manager
470	58765	Cheryl	Meyer	cmeyerd1	cmeyerd1@mail.com	Indonesia	Graphic Designer
471	64108	Antonio	Gonzalez	agonzalezd2	agonzalezd2@mail.com	Philippines	Senior Financial Analyst
472	94281	Debra	Pierce	dpierced3	dpierced3@mail.com	Japan	Marketing Manager
473	65127	Kimberly	Montgomery	kmontgomeryd4	kmontgomeryd4@mail.com	Barbados	Human Resources Assistant I
474	69256	Jacqueline	Warren	jwarrend5	jwarrend5@mail.com	Sweden	Assistant Manager
475	20548	Randy	Lynch	rlynchd6	rlynchd6@mail.com	Honduras	Administrative Assistant III
476	51825	Johnny	Stone	jstoned7	jstoned7@mail.com	China	Technical Writer
477	21046	Diane	Moore	dmoored8	dmoored8@mail.com	China	VP Quality Control
478	54407	Irene	Hamilton	ihamiltond9	ihamiltond9@mail.com	Chad	Financial Advisor
479	18685	Louise	Nguyen	lnguyenda	lnguyenda@mail.com	France	Pharmacist
480	52270	Kathy	Cox	kcoxdb	kcoxdb@mail.com	China	Paralegal
481	94488	Aaron	Freeman	afreemandc	afreemandc@mail.com	Chad	Librarian
482	86731	Maria	Larson	mlarsondd	mlarsondd@mail.com	Argentina	Software Test Engineer III
483	92700	Jason	Hansen	jhansende	jhansende@mail.com	Nigeria	Quality Control Specialist
484	17542	Edward	Chavez	echavezdf	echavezdf@mail.com	Philippines	Tax Accountant
485	61041	Pamela	Rice	pricedg	pricedg@mail.com	Chile	Product Engineer
486	87941	Clarence	Hudson	chudsondh	chudsondh@mail.com	Hungary	Research Associate
487	40095	Diana	Bradley	dbradleydi	dbradleydi@mail.com	China	Engineer IV
488	45124	Jonathan	Sullivan	jsullivandj	jsullivandj@mail.com	Venezuela	Design Engineer
489	95140	Victor	Collins	vcollinsdk	vcollinsdk@mail.com	Indonesia	Accountant IV
490	36050	Patricia	Collins	pcollinsdl	pcollinsdl@mail.com	Indonesia	Information Systems Manager
491	87375	Patrick	Freeman	pfreemandm	pfreemandm@mail.com	Indonesia	Senior Financial Analyst
492	95581	Donald	Owens	dowensdn	dowensdn@mail.com	China	Web Designer IV
493	70537	Joan	Davis	jdavisdo	jdavisdo@mail.com	Indonesia	Quality Control Specialist
494	64816	Clarence	Edwards	cedwardsdp	cedwardsdp@mail.com	North Korea	Budget/Accounting Analyst III
495	74664	Gregory	Brown	gbrowndq	gbrowndq@mail.com	Indonesia	Environmental Specialist
496	50804	Douglas	Frazier	dfrazierdr	dfrazierdr@mail.com	Indonesia	Marketing Manager
497	31248	Andrea	Harvey	aharveyds	aharveyds@mail.com	Indonesia	Data Coordiator
498	61829	Ernest	Weaver	eweaverdt	eweaverdt@mail.com	Syria	Media Manager II
499	53685	Dorothy	Gilbert	dgilbertdu	dgilbertdu@mail.com	Somalia	Budget/Accounting Analyst II
500	58014	Ralph	Stone	rstonedv	rstonedv@mail.com	Nigeria	Graphic Designer
501	37759	David	Richardson	drichardsondw	drichardsondw@mail.com	China	Actuary
502	21494	Juan	Kelly	jkellydx	jkellydx@mail.com	Mongolia	Mechanical Systems Engineer
503	84395	Jane	Greene	jgreenedy	jgreenedy@mail.com	China	Recruiter
504	92569	Elizabeth	Freeman	efreemandz	efreemandz@mail.com	China	Marketing Manager
505	50226	Cynthia	Garza	cgarzae0	cgarzae0@mail.com	Philippines	Teacher
506	86411	Angela	Hunt	ahunte1	ahunte1@mail.com	United States	Executive Secretary
507	58432	Phyllis	Snyder	psnydere2	psnydere2@mail.com	Poland	Paralegal
508	95091	Richard	Stephens	rstephense3	rstephense3@mail.com	Czech Republic	Financial Advisor
509	27583	Theresa	Brooks	tbrookse4	tbrookse4@mail.com	France	Product Engineer
510	24840	Beverly	Porter	bportere5	bportere5@mail.com	Yemen	Financial Analyst
511	90530	Alan	Bennett	abennette6	abennette6@mail.com	Poland	Assistant Manager
512	12415	Tammy	Tucker	ttuckere7	ttuckere7@mail.com	Sweden	Web Designer IV
513	77306	Alan	Henderson	ahendersone8	ahendersone8@mail.com	Ukraine	Statistician I
514	34672	Carolyn	Nichols	cnicholse9	cnicholse9@mail.com	Peru	Financial Analyst
515	26918	Kathleen	Webb	kwebbea	kwebbea@mail.com	Nicaragua	Nurse
516	87935	Elizabeth	Willis	ewilliseb	ewilliseb@mail.com	Indonesia	Programmer I
517	47261	Betty	Rodriguez	brodriguezec	brodriguezec@mail.com	China	Staff Accountant II
518	99090	Paul	Peters	ppetersed	ppetersed@mail.com	Russia	Project Manager
519	52782	Kathleen	Griffin	kgriffinee	kgriffinee@mail.com	China	Speech Pathologist
520	50364	Anna	Wallace	awallaceef	awallaceef@mail.com	Philippines	Speech Pathologist
521	11480	Ruby	Mcdonald	rmcdonaldeg	rmcdonaldeg@mail.com	Ireland	Junior Executive
522	68579	William	Armstrong	warmstrongeh	warmstrongeh@mail.com	Finland	Software Test Engineer II
523	23118	Maria	Gibson	mgibsonei	mgibsonei@mail.com	Philippines	Recruiter
524	46723	Adam	Hughes	ahughesej	ahughesej@mail.com	Argentina	Developer III
525	88498	Peter	Sanders	psandersek	psandersek@mail.com	China	Community Outreach Specialist
526	93623	Carlos	Stanley	cstanleyel	cstanleyel@mail.com	Indonesia	Business Systems Development Analyst
527	16890	Diane	Wright	dwrightem	dwrightem@mail.com	Indonesia	Senior Developer
528	44979	Nancy	Hansen	nhansenen	nhansenen@mail.com	China	Software Engineer I
529	24917	Ralph	Griffin	rgriffineo	rgriffineo@mail.com	Ireland	Payment Adjustment Coordinator
530	65612	William	Henry	whenryep	whenryep@mail.com	China	Account Coordinator
531	95438	Tammy	Bailey	tbaileyeq	tbaileyeq@mail.com	China	Assistant Media Planner
532	37833	Joshua	Carr	jcarrer	jcarrer@mail.com	China	Senior Financial Analyst
533	25439	Sharon	Nichols	snicholses	snicholses@mail.com	Portugal	Editor
534	63997	Timothy	Lawson	tlawsonet	tlawsonet@mail.com	Kenya	Business Systems Development Analyst
535	33335	Stephen	Williamson	swilliamsoneu	swilliamsoneu@mail.com	Germany	Project Manager
536	50475	Donald	Ryan	dryanev	dryanev@mail.com	China	Geological Engineer
537	62781	Pamela	Gardner	pgardnerew	pgardnerew@mail.com	United States	Social Worker
538	30286	Ruby	Williams	rwilliamsex	rwilliamsex@mail.com	Honduras	Payment Adjustment Coordinator
539	80876	Joshua	Schmidt	jschmidtey	jschmidtey@mail.com	New Zealand	Community Outreach Specialist
540	79891	Doris	Reid	dreidez	dreidez@mail.com	France	Environmental Specialist
541	37812	Patrick	Schmidt	pschmidtf0	pschmidtf0@mail.com	Russia	VP Quality Control
542	23904	Howard	Dunn	hdunnf1	hdunnf1@mail.com	China	Financial Advisor
543	20891	Edward	Mcdonald	emcdonaldf2	emcdonaldf2@mail.com	Bosnia and Herzegovina	Paralegal
544	10629	Sarah	Lane	slanef3	slanef3@mail.com	Poland	Social Worker
545	40848	Jason	Burton	jburtonf4	jburtonf4@mail.com	China	Mechanical Systems Engineer
546	14240	Kenneth	Reyes	kreyesf5	kreyesf5@mail.com	Russia	Health Coach I
547	95373	Cynthia	Green	cgreenf6	cgreenf6@mail.com	France	Administrative Assistant III
548	42805	Virginia	Price	vpricef7	vpricef7@mail.com	China	Occupational Therapist
549	46426	Elizabeth	Ortiz	eortizf8	eortizf8@mail.com	Serbia	Pharmacist
550	21276	Albert	Collins	acollinsf9	acollinsf9@mail.com	Tanzania	Administrative Officer
551	10150	Raymond	Lawrence	rlawrencefa	rlawrencefa@mail.com	Philippines	Clinical Specialist
552	19373	Sara	Wilson	swilsonfb	swilsonfb@mail.com	Panama	Account Coordinator
553	27230	Stephen	Adams	sadamsfc	sadamsfc@mail.com	Russia	Human Resources Assistant III
554	67875	Steve	Sanders	ssandersfd	ssandersfd@mail.com	Colombia	Design Engineer
555	91254	Joe	Lynch	jlynchfe	jlynchfe@mail.com	China	Developer II
556	77591	Martha	Moore	mmooreff	mmooreff@mail.com	Italy	Automation Specialist III
557	50751	Pamela	Anderson	pandersonfg	pandersonfg@mail.com	China	Compensation Analyst
558	95610	Tina	Perez	tperezfh	tperezfh@mail.com	France	VP Sales
559	32803	Gregory	Freeman	gfreemanfi	gfreemanfi@mail.com	Indonesia	Financial Analyst
560	12948	Thomas	Lynch	tlynchfj	tlynchfj@mail.com	Poland	Systems Administrator IV
561	90690	Paul	Henderson	phendersonfk	phendersonfk@mail.com	Sri Lanka	Structural Engineer
562	90928	Lawrence	Palmer	lpalmerfl	lpalmerfl@mail.com	Indonesia	Design Engineer
563	86799	Janice	Ellis	jellisfm	jellisfm@mail.com	Poland	Help Desk Operator
564	94944	Anne	Mason	amasonfn	amasonfn@mail.com	Albania	Research Associate
565	81777	Nicholas	Banks	nbanksfo	nbanksfo@mail.com	Costa Rica	Safety Technician I
566	26587	Johnny	Hudson	jhudsonfp	jhudsonfp@mail.com	Macedonia	Research Associate
567	95234	Gerald	Reid	greidfq	greidfq@mail.com	Poland	Account Representative II
568	81041	Teresa	Davis	tdavisfr	tdavisfr@mail.com	Vietnam	Director of Sales
569	29425	Ralph	Foster	rfosterfs	rfosterfs@mail.com	Armenia	Quality Engineer
570	47085	Chris	Jenkins	cjenkinsft	cjenkinsft@mail.com	Indonesia	Safety Technician II
571	46450	Russell	Mccoy	rmccoyfu	rmccoyfu@mail.com	China	Software Consultant
572	76080	Barbara	Mitchell	bmitchellfv	bmitchellfv@mail.com	Germany	Geological Engineer
573	56488	Carl	Watson	cwatsonfw	cwatsonfw@mail.com	Russia	Structural Analysis Engineer
574	30095	Cheryl	Ford	cfordfx	cfordfx@mail.com	Venezuela	Environmental Specialist
575	13336	Eugene	Stone	estonefy	estonefy@mail.com	Sweden	Quality Engineer
576	32223	Alan	Graham	agrahamfz	agrahamfz@mail.com	Israel	Web Designer II
577	80695	Rebecca	Cole	rcoleg0	rcoleg0@mail.com	Philippines	Automation Specialist II
578	30793	Roy	Long	rlongg1	rlongg1@mail.com	Zambia	Nurse
579	28919	Christine	Thompson	cthompsong2	cthompsong2@mail.com	Sierra Leone	Executive Secretary
580	35082	Jose	Cox	jcoxg3	jcoxg3@mail.com	Cuba	Community Outreach Specialist
581	35183	Louis	Coleman	lcolemang4	lcolemang4@mail.com	Guatemala	Quality Control Specialist
582	47524	Patricia	Scott	pscottg5	pscottg5@mail.com	Belarus	Automation Specialist III
583	49696	Frances	Diaz	fdiazg6	fdiazg6@mail.com	Nigeria	Software Engineer I
584	38479	Christopher	Burton	cburtong7	cburtong7@mail.com	Bangladesh	Office Assistant I
585	82643	Irene	Torres	itorresg8	itorresg8@mail.com	Italy	Project Manager
586	85305	Juan	Price	jpriceg9	jpriceg9@mail.com	United States	Nurse
587	12221	Denise	Sanchez	dsanchezga	dsanchezga@mail.com	China	Web Developer I
588	20688	Rebecca	Pierce	rpiercegb	rpiercegb@mail.com	Dominican Republic	Mechanical Systems Engineer
589	34827	Clarence	Roberts	crobertsgc	crobertsgc@mail.com	Indonesia	Nuclear Power Engineer
590	19262	Barbara	Williams	bwilliamsgd	bwilliamsgd@mail.com	Portugal	Human Resources Assistant IV
591	28285	Angela	Rogers	arogersge	arogersge@mail.com	Poland	Account Coordinator
592	93540	Karen	Grant	kgrantgf	kgrantgf@mail.com	Philippines	Senior Sales Associate
593	57227	Steven	Simpson	ssimpsongg	ssimpsongg@mail.com	Poland	Help Desk Technician
594	13815	Victor	Ryan	vryangh	vryangh@mail.com	Czech Republic	Administrative Officer
595	18235	Tammy	Fox	tfoxgi	tfoxgi@mail.com	Indonesia	Cost Accountant
596	29685	Billy	Fields	bfieldsgj	bfieldsgj@mail.com	Indonesia	Nurse
597	63057	Ruby	Rose	rrosegk	rrosegk@mail.com	Russia	Desktop Support Technician
598	34869	Anne	Nichols	anicholsgl	anicholsgl@mail.com	Botswana	Information Systems Manager
599	29451	Andrew	Austin	aaustingm	aaustingm@mail.com	China	Financial Advisor
600	38818	Shawn	Hansen	shansengn	shansengn@mail.com	Colombia	Desktop Support Technician
601	84081	Michael	Lane	mlanego	mlanego@mail.com	Bangladesh	VP Marketing
602	84378	Thomas	Jackson	tjacksongp	tjacksongp@mail.com	Nigeria	Computer Systems Analyst III
603	78776	Harry	Henry	hhenrygq	hhenrygq@mail.com	Mongolia	Civil Engineer
604	35634	Jennifer	Gutierrez	jgutierrezgr	jgutierrezgr@mail.com	Syria	Database Administrator III
605	15721	Kevin	Morgan	kmorgangs	kmorgangs@mail.com	China	Marketing Assistant
606	46201	Ryan	Gutierrez	rgutierrezgt	rgutierrezgt@mail.com	China	Biostatistician I
607	96354	Marie	Kim	mkimgu	mkimgu@mail.com	Portugal	Recruiting Manager
608	66260	Susan	Bryant	sbryantgv	sbryantgv@mail.com	China	Assistant Manager
609	28743	Jason	Campbell	jcampbellgw	jcampbellgw@mail.com	China	Systems Administrator II
610	68219	Carl	Mccoy	cmccoygx	cmccoygx@mail.com	China	Help Desk Technician
611	87057	Timothy	Day	tdaygy	tdaygy@mail.com	Canada	Research Associate
612	63596	Raymond	Morales	rmoralesgz	rmoralesgz@mail.com	Ireland	Product Engineer
613	51551	Chris	Clark	cclarkh0	cclarkh0@mail.com	Sweden	Computer Systems Analyst II
614	61411	Karen	Graham	kgrahamh1	kgrahamh1@mail.com	Sweden	Accountant IV
615	22780	Martha	Scott	mscotth2	mscotth2@mail.com	Indonesia	Human Resources Assistant I
616	38444	Cheryl	Harrison	charrisonh3	charrisonh3@mail.com	Greece	Social Worker
617	41661	Lisa	Crawford	lcrawfordh4	lcrawfordh4@mail.com	Puerto Rico	Geological Engineer
618	34595	David	Fuller	dfullerh5	dfullerh5@mail.com	China	Administrative Officer
619	85701	Thomas	Franklin	tfranklinh6	tfranklinh6@mail.com	Indonesia	Office Assistant II
620	58209	Lori	Dean	ldeanh7	ldeanh7@mail.com	Bolivia	Senior Developer
621	86587	Lisa	Larson	llarsonh8	llarsonh8@mail.com	France	Social Worker
622	44107	Catherine	Banks	cbanksh9	cbanksh9@mail.com	Brazil	Web Developer IV
623	10739	Stephanie	Marshall	smarshallha	smarshallha@mail.com	Ivory Coast	Recruiter
624	89973	Anne	Andrews	aandrewshb	aandrewshb@mail.com	Peru	Senior Cost Accountant
625	62700	Todd	Jones	tjoneshc	tjoneshc@mail.com	Portugal	Data Coordiator
626	42830	Sean	Henderson	shendersonhd	shendersonhd@mail.com	Czech Republic	Data Coordiator
627	81986	Jane	Jacobs	jjacobshe	jjacobshe@mail.com	France	Research Nurse
628	78666	Jimmy	Wells	jwellshf	jwellshf@mail.com	Malta	Marketing Manager
629	94261	Johnny	Powell	jpowellhg	jpowellhg@mail.com	Vietnam	Pharmacist
630	77659	Patricia	Dunn	pdunnhh	pdunnhh@mail.com	France	Compensation Analyst
631	40176	Billy	Brooks	bbrookshi	bbrookshi@mail.com	United States	Physical Therapy Assistant
632	84663	Jacqueline	Gray	jgrayhj	jgrayhj@mail.com	Philippines	Recruiting Manager
633	96788	Timothy	Smith	tsmithhk	tsmithhk@mail.com	Colombia	Design Engineer
634	65929	Mark	Alvarez	malvarezhl	malvarezhl@mail.com	China	Quality Control Specialist
635	99166	Antonio	Stone	astonehm	astonehm@mail.com	Portugal	Community Outreach Specialist
636	50555	Richard	Henry	rhenryhn	rhenryhn@mail.com	China	Safety Technician I
637	24333	Ashley	Shaw	ashawho	ashawho@mail.com	Honduras	Sales Representative
638	73794	Phyllis	Morales	pmoraleshp	pmoraleshp@mail.com	Indonesia	Help Desk Operator
639	34037	Debra	Garcia	dgarciahq	dgarciahq@mail.com	Ethiopia	Senior Editor
640	58060	Helen	Payne	hpaynehr	hpaynehr@mail.com	China	Recruiting Manager
641	21001	Jesse	Carr	jcarrhs	jcarrhs@mail.com	Russia	Assistant Media Planner
642	83703	Denise	Richardson	drichardsonht	drichardsonht@mail.com	France	Research Nurse
643	78360	Lori	Ruiz	lruizhu	lruizhu@mail.com	Bangladesh	Computer Systems Analyst III
644	22897	Carl	Duncan	cduncanhv	cduncanhv@mail.com	Greece	Systems Administrator III
645	94387	Steve	Kennedy	skennedyhw	skennedyhw@mail.com	Philippines	Senior Developer
646	54831	Jason	Garza	jgarzahx	jgarzahx@mail.com	Philippines	General Manager
647	11600	Jeffrey	Olson	jolsonhy	jolsonhy@mail.com	Czech Republic	General Manager
648	71788	Anthony	Marshall	amarshallhz	amarshallhz@mail.com	Maldives	Chemical Engineer
649	81568	Beverly	Wright	bwrighti0	bwrighti0@mail.com	Sweden	Operator
650	70748	Norma	Gutierrez	ngutierrezi1	ngutierrezi1@mail.com	Philippines	Staff Accountant I
651	22091	Mildred	Turner	mturneri2	mturneri2@mail.com	Nicaragua	Accountant I
652	56763	Clarence	Perez	cperezi3	cperezi3@mail.com	Cyprus	Teacher
653	91679	Patricia	Carr	pcarri4	pcarri4@mail.com	Cuba	Geologist IV
654	65410	Janet	Roberts	jrobertsi5	jrobertsi5@mail.com	Indonesia	Tax Accountant
655	33278	Diane	Howell	dhowelli6	dhowelli6@mail.com	Colombia	Web Designer II
656	69578	Timothy	Rose	trosei7	trosei7@mail.com	France	Electrical Engineer
657	45408	Kenneth	Hunter	khunteri8	khunteri8@mail.com	Croatia	Clinical Specialist
658	95068	Lois	Foster	lfosteri9	lfosteri9@mail.com	Sudan	Director of Sales
659	41452	Sarah	Nelson	snelsonia	snelsonia@mail.com	France	Occupational Therapist
660	91684	Jennifer	Reynolds	jreynoldsib	jreynoldsib@mail.com	Japan	Quality Control Specialist
661	41250	Angela	Price	apriceic	apriceic@mail.com	Brazil	Paralegal
662	51872	Ruth	Cunningham	rcunninghamid	rcunninghamid@mail.com	China	Editor
663	85154	Joe	Welch	jwelchie	jwelchie@mail.com	Indonesia	Actuary
664	79806	Shawn	Berry	sberryif	sberryif@mail.com	China	Payment Adjustment Coordinator
665	99524	Carolyn	Ramos	cramosig	cramosig@mail.com	Philippines	VP Accounting
666	88975	Tina	Dixon	tdixonih	tdixonih@mail.com	Serbia	VP Marketing
667	74915	Gerald	Chavez	gchavezii	gchavezii@mail.com	China	General Manager
668	37672	Howard	Wood	hwoodij	hwoodij@mail.com	China	Senior Editor
669	68059	Andrew	Stephens	astephensik	astephensik@mail.com	Poland	Help Desk Operator
670	36968	Terry	Campbell	tcampbellil	tcampbellil@mail.com	Indonesia	Senior Editor
671	44489	Daniel	Myers	dmyersim	dmyersim@mail.com	Ukraine	Sales Representative
672	33667	George	Carroll	gcarrollin	gcarrollin@mail.com	Indonesia	Accounting Assistant III
673	22524	Ruby	Elliott	relliottio	relliottio@mail.com	China	Clinical Specialist
674	79969	John	Washington	jwashingtonip	jwashingtonip@mail.com	Russia	Information Systems Manager
675	92013	Alan	Roberts	arobertsiq	arobertsiq@mail.com	Russia	Automation Specialist II
676	22855	Cynthia	Carpenter	ccarpenterir	ccarpenterir@mail.com	China	Data Coordiator
677	41247	Ryan	Simpson	rsimpsonis	rsimpsonis@mail.com	Cameroon	Design Engineer
678	89635	Judith	Hart	jhartit	jhartit@mail.com	Papua New Guinea	Geological Engineer
679	91585	Douglas	Shaw	dshawiu	dshawiu@mail.com	Peru	Information Systems Manager
680	39367	Juan	Roberts	jrobertsiv	jrobertsiv@mail.com	Bulgaria	Clinical Specialist
681	99147	Howard	White	hwhiteiw	hwhiteiw@mail.com	Norway	Physical Therapy Assistant
682	29354	James	Ford	jfordix	jfordix@mail.com	Mexico	Biostatistician II
683	55240	Emily	Wagner	ewagneriy	ewagneriy@mail.com	China	VP Quality Control
684	21838	Christine	Freeman	cfreemaniz	cfreemaniz@mail.com	Netherlands	Actuary
685	63366	Daniel	Garcia	dgarciaj0	dgarciaj0@mail.com	Brazil	Dental Hygienist
686	75759	Sandra	Kelly	skellyj1	skellyj1@mail.com	Greece	Senior Quality Engineer
687	22013	Joan	Wright	jwrightj2	jwrightj2@mail.com	China	Physical Therapy Assistant
688	49598	Sara	Fernandez	sfernandezj3	sfernandezj3@mail.com	Democratic Republic of the Congo	Senior Financial Analyst
689	19740	Craig	Kennedy	ckennedyj4	ckennedyj4@mail.com	Peru	Mechanical Systems Engineer
690	51845	Victor	Stewart	vstewartj5	vstewartj5@mail.com	Greece	Registered Nurse
691	85341	Phillip	Williamson	pwilliamsonj6	pwilliamsonj6@mail.com	Indonesia	Technical Writer
692	74707	Antonio	Hughes	ahughesj7	ahughesj7@mail.com	Indonesia	Associate Professor
693	53298	Angela	Porter	aporterj8	aporterj8@mail.com	Poland	VP Accounting
694	58393	Donna	Henderson	dhendersonj9	dhendersonj9@mail.com	China	VP Quality Control
695	48804	Jane	Garcia	jgarciaja	jgarciaja@mail.com	Vietnam	Analog Circuit Design manager
696	74026	Susan	Fisher	sfisherjb	sfisherjb@mail.com	China	VP Sales
697	86430	Johnny	Perry	jperryjc	jperryjc@mail.com	Russia	Database Administrator IV
698	89858	Carlos	Lawrence	clawrencejd	clawrencejd@mail.com	Russia	Health Coach I
699	80608	Kelly	Sanders	ksandersje	ksandersje@mail.com	Philippines	Editor
700	46497	Christopher	Sanders	csandersjf	csandersjf@mail.com	Sweden	Research Associate
701	11534	Heather	Tucker	htuckerjg	htuckerjg@mail.com	Portugal	Research Assistant II
702	63139	Nicholas	Sullivan	nsullivanjh	nsullivanjh@mail.com	Malaysia	Structural Engineer
703	70657	James	Kelley	jkelleyji	jkelleyji@mail.com	Russia	Operator
704	84997	Edward	Bailey	ebaileyjj	ebaileyjj@mail.com	China	Account Executive
705	82457	Robin	Simmons	rsimmonsjk	rsimmonsjk@mail.com	Indonesia	Quality Engineer
706	93080	Lori	Jackson	ljacksonjl	ljacksonjl@mail.com	United States	Design Engineer
707	88013	Cynthia	Sims	csimsjm	csimsjm@mail.com	China	Civil Engineer
708	13817	Ryan	Mason	rmasonjn	rmasonjn@mail.com	Saudi Arabia	Project Manager
709	37358	Earl	Snyder	esnyderjo	esnyderjo@mail.com	China	Librarian
710	78950	Carolyn	Johnson	cjohnsonjp	cjohnsonjp@mail.com	China	Web Developer II
711	44121	Robert	Bell	rbelljq	rbelljq@mail.com	Poland	General Manager
712	84749	Ryan	Spencer	rspencerjr	rspencerjr@mail.com	Indonesia	General Manager
713	91402	Howard	Morgan	hmorganjs	hmorganjs@mail.com	Indonesia	Accounting Assistant IV
714	43092	Diana	Wells	dwellsjt	dwellsjt@mail.com	Philippines	Environmental Tech
715	81995	Brenda	Austin	baustinju	baustinju@mail.com	Sweden	Senior Cost Accountant
716	98105	Steve	Perez	sperezjv	sperezjv@mail.com	China	Technical Writer
717	60038	Carl	Banks	cbanksjw	cbanksjw@mail.com	Russia	Business Systems Development Analyst
718	56115	Theresa	Ortiz	tortizjx	tortizjx@mail.com	Armenia	Analyst Programmer
719	27324	Ruth	Austin	raustinjy	raustinjy@mail.com	China	Recruiter
720	80985	Shawn	Garcia	sgarciajz	sgarciajz@mail.com	China	Cost Accountant
721	30874	Wayne	Perkins	wperkinsk0	wperkinsk0@mail.com	Paraguay	Human Resources Manager
722	60772	Kelly	Reed	kreedk1	kreedk1@mail.com	South Korea	Professor
723	79197	Rose	Mason	rmasonk2	rmasonk2@mail.com	Poland	Health Coach IV
724	78063	Jennifer	Fernandez	jfernandezk3	jfernandezk3@mail.com	China	Accountant II
725	27469	Debra	Lee	dleek4	dleek4@mail.com	Chile	Biostatistician IV
726	59555	Howard	Sims	hsimsk5	hsimsk5@mail.com	Vietnam	Graphic Designer
727	89759	Terry	Hudson	thudsonk6	thudsonk6@mail.com	Guam	VP Accounting
728	98885	Margaret	Hawkins	mhawkinsk7	mhawkinsk7@mail.com	Ecuador	Human Resources Manager
729	36402	Jeremy	Williamson	jwilliamsonk8	jwilliamsonk8@mail.com	Germany	Sales Representative
730	54594	Michelle	Bowman	mbowmank9	mbowmank9@mail.com	China	Clinical Specialist
731	42381	Johnny	Barnes	jbarneska	jbarneska@mail.com	China	Associate Professor
732	37560	Todd	Williams	twilliamskb	twilliamskb@mail.com	France	Physical Therapy Assistant
733	58661	Joseph	Black	jblackkc	jblackkc@mail.com	Malaysia	Quality Engineer
734	83558	Peter	Armstrong	parmstrongkd	parmstrongkd@mail.com	China	Project Manager
735	57315	Terry	Myers	tmyerske	tmyerske@mail.com	Pakistan	Data Coordiator
736	94798	Annie	Marshall	amarshallkf	amarshallkf@mail.com	Indonesia	Assistant Manager
737	49257	Robert	Mason	rmasonkg	rmasonkg@mail.com	China	Research Assistant IV
738	23333	Kathy	Sullivan	ksullivankh	ksullivankh@mail.com	Indonesia	Tax Accountant
739	47256	Johnny	Little	jlittleki	jlittleki@mail.com	Indonesia	Electrical Engineer
740	71703	Donald	Snyder	dsnyderkj	dsnyderkj@mail.com	Hungary	Information Systems Manager
741	24152	Sandra	Pierce	spiercekk	spiercekk@mail.com	Mali	Data Coordiator
742	67098	Roger	Howard	rhowardkl	rhowardkl@mail.com	Thailand	Developer IV
743	17842	Heather	Harper	hharperkm	hharperkm@mail.com	Russia	Information Systems Manager
744	30387	Elizabeth	George	egeorgekn	egeorgekn@mail.com	China	Software Engineer IV
745	12500	Lori	Gardner	lgardnerko	lgardnerko@mail.com	Czech Republic	Technical Writer
746	78508	Gary	Lewis	glewiskp	glewiskp@mail.com	Ukraine	General Manager
747	83346	Joan	Reyes	jreyeskq	jreyeskq@mail.com	China	General Manager
748	37765	Susan	West	swestkr	swestkr@mail.com	Ethiopia	VP Marketing
749	25148	David	Meyer	dmeyerks	dmeyerks@mail.com	China	Project Manager
750	51313	Amy	Johnston	ajohnstonkt	ajohnstonkt@mail.com	Azerbaijan	Data Coordiator
751	15772	Sharon	Reyes	sreyesku	sreyesku@mail.com	Philippines	Chief Design Engineer
752	61011	Brandon	Kim	bkimkv	bkimkv@mail.com	China	Computer Systems Analyst IV
753	39006	David	Duncan	dduncankw	dduncankw@mail.com	Egypt	Mechanical Systems Engineer
754	14171	Dennis	Olson	dolsonkx	dolsonkx@mail.com	Peru	Research Assistant I
755	73587	Victor	Mills	vmillsky	vmillsky@mail.com	Peru	Physical Therapy Assistant
756	30477	Cheryl	Hamilton	chamiltonkz	chamiltonkz@mail.com	Costa Rica	Registered Nurse
757	63726	Harold	Ward	hwardl0	hwardl0@mail.com	China	Librarian
758	13796	Steven	King	skingl1	skingl1@mail.com	Finland	Marketing Assistant
759	29855	Earl	Warren	ewarrenl2	ewarrenl2@mail.com	Greece	Food Chemist
760	67051	Annie	Turner	aturnerl3	aturnerl3@mail.com	China	Food Chemist
761	54799	Evelyn	Rose	erosel4	erosel4@mail.com	Portugal	Recruiter
762	93725	Carol	West	cwestl5	cwestl5@mail.com	China	Structural Engineer
763	60886	Sarah	Grant	sgrantl6	sgrantl6@mail.com	China	Software Consultant
764	84296	Adam	Spencer	aspencerl7	aspencerl7@mail.com	Russia	Senior Financial Analyst
765	19948	Stephanie	Armstrong	sarmstrongl8	sarmstrongl8@mail.com	United States	Developer IV
766	72717	Keith	Morrison	kmorrisonl9	kmorrisonl9@mail.com	Greece	Internal Auditor
767	77690	Ryan	Vasquez	rvasquezla	rvasquezla@mail.com	Luxembourg	Business Systems Development Analyst
768	39997	Marie	Taylor	mtaylorlb	mtaylorlb@mail.com	Indonesia	Internal Auditor
769	13134	Julia	Dean	jdeanlc	jdeanlc@mail.com	Russia	Environmental Specialist
770	34545	Christine	Black	cblackld	cblackld@mail.com	Cuba	Research Associate
771	92794	Earl	Castillo	ecastillole	ecastillole@mail.com	China	Geologist I
772	43971	Terry	Snyder	tsnyderlf	tsnyderlf@mail.com	Philippines	Assistant Manager
773	36563	Jacqueline	Schmidt	jschmidtlg	jschmidtlg@mail.com	Czech Republic	Civil Engineer
774	47081	Cynthia	Bishop	cbishoplh	cbishoplh@mail.com	Indonesia	Data Coordiator
775	32551	Tina	Garza	tgarzali	tgarzali@mail.com	Ukraine	Recruiter
776	49373	Howard	Brooks	hbrookslj	hbrookslj@mail.com	Poland	Assistant Professor
777	85323	Rebecca	Stephens	rstephenslk	rstephenslk@mail.com	United States	Quality Engineer
778	56415	Kathleen	Burns	kburnsll	kburnsll@mail.com	Sweden	Health Coach I
779	40042	Jennifer	King	jkinglm	jkinglm@mail.com	Portugal	Marketing Manager
780	89663	Kelly	Duncan	kduncanln	kduncanln@mail.com	China	VP Marketing
781	58457	Diana	Gray	dgraylo	dgraylo@mail.com	China	Administrative Assistant IV
782	14300	Daniel	Price	dpricelp	dpricelp@mail.com	China	Geological Engineer
783	11112	Ruth	Johnson	rjohnsonlq	rjohnsonlq@mail.com	Lebanon	Environmental Tech
784	15037	Christina	Freeman	cfreemanlr	cfreemanlr@mail.com	Poland	Nurse Practicioner
785	69563	Ernest	Jenkins	ejenkinsls	ejenkinsls@mail.com	Russia	Accountant II
786	97907	Robin	Gomez	rgomezlt	rgomezlt@mail.com	China	Graphic Designer
787	26424	George	Fowler	gfowlerlu	gfowlerlu@mail.com	Poland	Professor
788	74166	Randy	Harris	rharrislv	rharrislv@mail.com	Philippines	Information Systems Manager
789	53831	Mary	Cole	mcolelw	mcolelw@mail.com	France	Actuary
790	36463	Ruby	Watson	rwatsonlx	rwatsonlx@mail.com	Brazil	Dental Hygienist
791	51965	Harold	Cooper	hcooperly	hcooperly@mail.com	Sierra Leone	Registered Nurse
792	57655	Paul	Oliver	poliverlz	poliverlz@mail.com	France	Web Designer III
793	79633	Shawn	Ramirez	sramirezm0	sramirezm0@mail.com	Brazil	Analog Circuit Design manager
794	18397	Lori	Allen	lallenm1	lallenm1@mail.com	China	Computer Systems Analyst IV
795	32257	Scott	Bennett	sbennettm2	sbennettm2@mail.com	Brazil	Desktop Support Technician
796	61918	Louis	Welch	lwelchm3	lwelchm3@mail.com	Maldives	Financial Analyst
797	54396	Arthur	Price	apricem4	apricem4@mail.com	Indonesia	Help Desk Technician
798	52401	Johnny	Walker	jwalkerm5	jwalkerm5@mail.com	France	Internal Auditor
799	31044	Phillip	Griffin	pgriffinm6	pgriffinm6@mail.com	Uzbekistan	Office Assistant IV
800	28704	Brenda	Morales	bmoralesm7	bmoralesm7@mail.com	France	Registered Nurse
801	94511	Edward	Little	elittlem8	elittlem8@mail.com	China	Analyst Programmer
802	94377	Carl	Ford	cfordm9	cfordm9@mail.com	Russia	Occupational Therapist
803	50460	Andrea	Carr	acarrma	acarrma@mail.com	Chile	Electrical Engineer
804	59265	Albert	Patterson	apattersonmb	apattersonmb@mail.com	China	Internal Auditor
805	70065	Douglas	Jenkins	djenkinsmc	djenkinsmc@mail.com	Argentina	Junior Executive
806	71541	Judith	Little	jlittlemd	jlittlemd@mail.com	Indonesia	Programmer Analyst IV
807	55259	Pamela	Roberts	probertsme	probertsme@mail.com	Portugal	Project Manager
808	33051	Sandra	Olson	solsonmf	solsonmf@mail.com	South Africa	Sales Associate
809	20759	Marilyn	Allen	mallenmg	mallenmg@mail.com	China	Analyst Programmer
810	34061	Virginia	Clark	vclarkmh	vclarkmh@mail.com	China	Cost Accountant
811	30096	Anne	Gomez	agomezmi	agomezmi@mail.com	Russia	Marketing Manager
812	41004	Walter	Castillo	wcastillomj	wcastillomj@mail.com	Bosnia and Herzegovina	Environmental Tech
813	55027	Ruth	Montgomery	rmontgomerymk	rmontgomerymk@mail.com	Poland	VP Marketing
814	31255	Ryan	Taylor	rtaylorml	rtaylorml@mail.com	Armenia	Nurse
815	13514	Earl	Rose	erosemm	erosemm@mail.com	China	Environmental Tech
816	49304	Donna	Lane	dlanemn	dlanemn@mail.com	Norway	Compensation Analyst
817	71967	Antonio	Porter	aportermo	aportermo@mail.com	Indonesia	Statistician III
818	71767	Donald	Kim	dkimmp	dkimmp@mail.com	China	Actuary
819	76474	Jacqueline	Harrison	jharrisonmq	jharrisonmq@mail.com	Czech Republic	Sales Associate
820	43083	Ralph	Bishop	rbishopmr	rbishopmr@mail.com	Philippines	Teacher
821	33229	Carolyn	Ryan	cryanms	cryanms@mail.com	Armenia	Research Nurse
822	35834	Janet	Welch	jwelchmt	jwelchmt@mail.com	Indonesia	Speech Pathologist
823	60537	Henry	Fisher	hfishermu	hfishermu@mail.com	Indonesia	Sales Representative
824	22962	Andrew	Carr	acarrmv	acarrmv@mail.com	China	Senior Quality Engineer
825	22218	Teresa	Ruiz	truizmw	truizmw@mail.com	United States	Payment Adjustment Coordinator
826	50446	Ashley	Cruz	acruzmx	acruzmx@mail.com	Argentina	Pharmacist
827	57074	Karen	Banks	kbanksmy	kbanksmy@mail.com	Vietnam	Community Outreach Specialist
828	69516	Arthur	Edwards	aedwardsmz	aedwardsmz@mail.com	United States	Teacher
829	72585	Ralph	Clark	rclarkn0	rclarkn0@mail.com	China	Editor
830	62421	Kathy	Carpenter	kcarpentern1	kcarpentern1@mail.com	China	Environmental Specialist
831	10983	Heather	Lynch	hlynchn2	hlynchn2@mail.com	China	Account Coordinator
832	28467	Adam	Hawkins	ahawkinsn3	ahawkinsn3@mail.com	Greece	Business Systems Development Analyst
833	27001	Billy	Rodriguez	brodriguezn4	brodriguezn4@mail.com	Indonesia	Chief Design Engineer
834	32309	Fred	Diaz	fdiazn5	fdiazn5@mail.com	Hungary	Social Worker
835	26459	Ashley	Rivera	ariveran6	ariveran6@mail.com	Dominican Republic	Account Representative IV
836	14722	Deborah	Simpson	dsimpsonn7	dsimpsonn7@mail.com	Canada	Structural Analysis Engineer
837	39268	Sarah	Romero	sromeron8	sromeron8@mail.com	Angola	Account Coordinator
838	86204	Irene	Gilbert	igilbertn9	igilbertn9@mail.com	Greece	Nuclear Power Engineer
839	27928	Amy	Nguyen	anguyenna	anguyenna@mail.com	Argentina	Financial Advisor
840	66902	Terry	Taylor	ttaylornb	ttaylornb@mail.com	Pakistan	Environmental Specialist
841	43596	Harold	Williamson	hwilliamsonnc	hwilliamsonnc@mail.com	Russia	Director of Sales
842	38971	Chris	Mccoy	cmccoynd	cmccoynd@mail.com	China	Desktop Support Technician
843	20533	Carolyn	Smith	csmithne	csmithne@mail.com	United States	Human Resources Manager
844	19837	Kimberly	Morris	kmorrisnf	kmorrisnf@mail.com	China	Recruiting Manager
845	75609	Raymond	Lawrence	rlawrenceng	rlawrenceng@mail.com	Japan	Marketing Manager
846	31414	Jeffrey	Hall	jhallnh	jhallnh@mail.com	Libya	Database Administrator II
847	72752	Emily	Fox	efoxni	efoxni@mail.com	France	Nuclear Power Engineer
848	46628	Judy	Simmons	jsimmonsnj	jsimmonsnj@mail.com	Guinea	Registered Nurse
849	96326	Cynthia	Bailey	cbaileynk	cbaileynk@mail.com	China	Help Desk Technician
850	23841	Annie	Dunn	adunnnl	adunnnl@mail.com	Philippines	Information Systems Manager
851	19587	Heather	Ross	hrossnm	hrossnm@mail.com	Philippines	Editor
852	71849	Willie	Richardson	wrichardsonnn	wrichardsonnn@mail.com	Ukraine	Project Manager
853	22266	Bruce	Grant	bgrantno	bgrantno@mail.com	Poland	Associate Professor
854	34722	Janice	Perkins	jperkinsnp	jperkinsnp@mail.com	Philippines	Environmental Tech
855	86946	Doris	Banks	dbanksnq	dbanksnq@mail.com	Philippines	Senior Developer
856	20223	Emily	Olson	eolsonnr	eolsonnr@mail.com	Poland	Statistician III
857	10185	Robert	Peterson	rpetersonns	rpetersonns@mail.com	China	Senior Developer
858	31103	Michelle	Parker	mparkernt	mparkernt@mail.com	Philippines	Research Associate
859	35141	Sarah	Jordan	sjordannu	sjordannu@mail.com	Indonesia	Speech Pathologist
860	42533	Virginia	Morris	vmorrisnv	vmorrisnv@mail.com	Finland	Environmental Specialist
861	29403	Ruth	Hudson	rhudsonnw	rhudsonnw@mail.com	China	Biostatistician II
862	97098	Steven	Dean	sdeannx	sdeannx@mail.com	Russia	Staff Scientist
863	96987	Willie	Cook	wcookny	wcookny@mail.com	Indonesia	Automation Specialist IV
864	27232	Kathryn	Mcdonald	kmcdonaldnz	kmcdonaldnz@mail.com	China	Chief Design Engineer
865	36923	Eric	Bradley	ebradleyo0	ebradleyo0@mail.com	Russia	Staff Scientist
866	40615	Albert	Rogers	arogerso1	arogerso1@mail.com	China	Marketing Assistant
867	32352	Christina	Miller	cmillero2	cmillero2@mail.com	Vietnam	Budget/Accounting Analyst I
868	63981	Joseph	Wright	jwrighto3	jwrighto3@mail.com	Paraguay	Payment Adjustment Coordinator
869	57793	Emily	Phillips	ephillipso4	ephillipso4@mail.com	France	Internal Auditor
870	60223	Rose	Meyer	rmeyero5	rmeyero5@mail.com	South Korea	Sales Associate
871	53830	Wanda	Day	wdayo6	wdayo6@mail.com	China	Sales Associate
872	91563	Ruby	Wilson	rwilsono7	rwilsono7@mail.com	Poland	VP Marketing
873	50409	Mary	Barnes	mbarneso8	mbarneso8@mail.com	Indonesia	Internal Auditor
874	82733	Willie	Perry	wperryo9	wperryo9@mail.com	Iran	General Manager
875	95120	Michael	Ryan	mryanoa	mryanoa@mail.com	Poland	Legal Assistant
876	71693	Richard	Simpson	rsimpsonob	rsimpsonob@mail.com	China	Research Assistant I
877	97799	Margaret	Mason	mmasonoc	mmasonoc@mail.com	China	Computer Systems Analyst III
878	79843	Norma	Dean	ndeanod	ndeanod@mail.com	Mongolia	Biostatistician II
879	94179	Edward	Hanson	ehansonoe	ehansonoe@mail.com	Philippines	Financial Analyst
880	39563	Russell	Weaver	rweaverof	rweaverof@mail.com	Croatia	Structural Analysis Engineer
881	14565	Betty	Chapman	bchapmanog	bchapmanog@mail.com	China	Research Assistant III
882	73796	Helen	Bowman	hbowmanoh	hbowmanoh@mail.com	Bangladesh	VP Quality Control
883	35204	Larry	Turner	lturneroi	lturneroi@mail.com	Indonesia	Sales Representative
884	79368	Mary	Powell	mpowelloj	mpowelloj@mail.com	Macedonia	Mechanical Systems Engineer
885	48163	Douglas	Moreno	dmorenook	dmorenook@mail.com	United States	Geological Engineer
886	55651	David	Marshall	dmarshallol	dmarshallol@mail.com	China	Database Administrator II
887	40910	Gregory	Reid	greidom	greidom@mail.com	China	Analog Circuit Design manager
888	13074	Gloria	Garrett	ggarretton	ggarretton@mail.com	Peru	Social Worker
889	16032	Laura	Henderson	lhendersonoo	lhendersonoo@mail.com	Ukraine	Web Developer IV
890	81832	Henry	Henry	hhenryop	hhenryop@mail.com	Brazil	Health Coach III
891	38301	Bobby	Parker	bparkeroq	bparkeroq@mail.com	Namibia	Software Engineer II
892	64239	Melissa	Thomas	mthomasor	mthomasor@mail.com	Tunisia	Registered Nurse
893	43496	Kevin	Reid	kreidos	kreidos@mail.com	Russia	Design Engineer
894	53378	Barbara	Knight	bknightot	bknightot@mail.com	Canada	Software Consultant
895	63808	Ruby	Jenkins	rjenkinsou	rjenkinsou@mail.com	Sweden	Tax Accountant
896	67893	Gary	Welch	gwelchov	gwelchov@mail.com	Palestinian Territory	VP Accounting
897	69836	Jennifer	Fisher	jfisherow	jfisherow@mail.com	Portugal	Actuary
898	15438	Ralph	Stone	rstoneox	rstoneox@mail.com	China	Senior Cost Accountant
899	90567	Jason	Stone	jstoneoy	jstoneoy@mail.com	Philippines	Occupational Therapist
900	80707	Elizabeth	Grant	egrantoz	egrantoz@mail.com	Cyprus	Social Worker
901	20902	Chris	Johnson	cjohnsonp0	cjohnsonp0@mail.com	Philippines	Media Manager II
902	82742	Brian	Simmons	bsimmonsp1	bsimmonsp1@mail.com	Syria	Research Associate
903	77178	Clarence	Williams	cwilliamsp2	cwilliamsp2@mail.com	Argentina	Biostatistician II
904	97101	Jeffrey	Andrews	jandrewsp3	jandrewsp3@mail.com	China	Project Manager
905	23182	Carol	Berry	cberryp4	cberryp4@mail.com	Indonesia	Registered Nurse
906	52123	Kathy	Howard	khowardp5	khowardp5@mail.com	China	Media Manager II
907	50959	Tina	Bennett	tbennettp6	tbennettp6@mail.com	Poland	Registered Nurse
908	21745	Brian	Holmes	bholmesp7	bholmesp7@mail.com	Pakistan	Programmer Analyst I
909	38512	Beverly	West	bwestp8	bwestp8@mail.com	China	Chemical Engineer
910	46103	Judith	Hawkins	jhawkinsp9	jhawkinsp9@mail.com	Japan	Sales Associate
911	99824	Sean	Matthews	smatthewspa	smatthewspa@mail.com	Russia	Director of Sales
912	86762	Lois	Cunningham	lcunninghampb	lcunninghampb@mail.com	Vietnam	Nurse Practicioner
913	80722	Joan	Nguyen	jnguyenpc	jnguyenpc@mail.com	Russia	Account Executive
914	91829	William	Morales	wmoralespd	wmoralespd@mail.com	China	Structural Engineer
915	85070	Christopher	Garza	cgarzape	cgarzape@mail.com	Ukraine	Account Coordinator
916	94055	Ryan	Wheeler	rwheelerpf	rwheelerpf@mail.com	Ireland	Community Outreach Specialist
917	58843	Christina	Robinson	crobinsonpg	crobinsonpg@mail.com	Indonesia	General Manager
918	28599	Jack	Stewart	jstewartph	jstewartph@mail.com	China	Product Engineer
919	47921	Karen	Wood	kwoodpi	kwoodpi@mail.com	Philippines	Accountant I
920	17135	Irene	Day	idaypj	idaypj@mail.com	Greece	Food Chemist
921	63742	Mary	Ray	mraypk	mraypk@mail.com	Portugal	Geological Engineer
922	60339	Mark	Mendoza	mmendozapl	mmendozapl@mail.com	Russia	Senior Sales Associate
923	90288	Joyce	Mcdonald	jmcdonaldpm	jmcdonaldpm@mail.com	Czech Republic	Research Associate
924	66552	Mark	Allen	mallenpn	mallenpn@mail.com	Azerbaijan	Community Outreach Specialist
925	93473	Sharon	Roberts	srobertspo	srobertspo@mail.com	Mauritius	Operator
926	29361	Randy	Peters	rpeterspp	rpeterspp@mail.com	Indonesia	Administrative Officer
927	50066	Aaron	Hall	ahallpq	ahallpq@mail.com	Indonesia	Research Nurse
928	96151	Michelle	Lane	mlanepr	mlanepr@mail.com	Philippines	Automation Specialist II
929	41933	Elizabeth	Lane	elaneps	elaneps@mail.com	Thailand	VP Sales
930	32132	Joe	Moreno	jmorenopt	jmorenopt@mail.com	Ukraine	Data Coordiator
931	99375	Donna	Riley	drileypu	drileypu@mail.com	Palestinian Territory	Professor
932	62809	Catherine	Thompson	cthompsonpv	cthompsonpv@mail.com	Ecuador	Engineer IV
933	24809	Elizabeth	Kelley	ekelleypw	ekelleypw@mail.com	Greece	Assistant Media Planner
934	86227	Amy	Davis	adavispx	adavispx@mail.com	United States	Account Representative III
935	44374	Lillian	Gomez	lgomezpy	lgomezpy@mail.com	Indonesia	Research Assistant II
936	93209	Raymond	Hart	rhartpz	rhartpz@mail.com	Japan	Staff Scientist
937	55945	Catherine	Cole	ccoleq0	ccoleq0@mail.com	China	Technical Writer
938	39947	Betty	Wallace	bwallaceq1	bwallaceq1@mail.com	Paraguay	Health Coach II
939	21389	Laura	Sims	lsimsq2	lsimsq2@mail.com	Poland	Computer Systems Analyst II
940	13257	Teresa	Clark	tclarkq3	tclarkq3@mail.com	Brazil	Clinical Specialist
941	77555	Todd	Butler	tbutlerq4	tbutlerq4@mail.com	China	Paralegal
942	93809	Justin	Wallace	jwallaceq5	jwallaceq5@mail.com	Colombia	Quality Control Specialist
943	80983	Sean	Baker	sbakerq6	sbakerq6@mail.com	Czech Republic	Senior Financial Analyst
944	77691	Carolyn	Allen	callenq7	callenq7@mail.com	Germany	Research Associate
945	16516	Terry	Wood	twoodq8	twoodq8@mail.com	Russia	Pharmacist
946	22861	Sean	Morris	smorrisq9	smorrisq9@mail.com	France	Desktop Support Technician
947	29598	Julie	Hughes	jhughesqa	jhughesqa@mail.com	Indonesia	Executive Secretary
948	64298	James	Gutierrez	jgutierrezqb	jgutierrezqb@mail.com	Philippines	Nurse Practicioner
949	77837	Sarah	Willis	swillisqc	swillisqc@mail.com	Japan	Quality Control Specialist
950	86808	Ruby	Jacobs	rjacobsqd	rjacobsqd@mail.com	Guatemala	Cost Accountant
951	33277	Andrea	Hughes	ahughesqe	ahughesqe@mail.com	Brazil	Mechanical Systems Engineer
952	47449	Sara	Chapman	schapmanqf	schapmanqf@mail.com	Indonesia	Accounting Assistant I
953	59841	Marie	Palmer	mpalmerqg	mpalmerqg@mail.com	Mauritius	Nurse Practicioner
954	85095	Pamela	Franklin	pfranklinqh	pfranklinqh@mail.com	Indonesia	Account Representative I
955	62906	Kathleen	Hamilton	khamiltonqi	khamiltonqi@mail.com	Philippines	Financial Analyst
956	83780	Stephanie	Cunningham	scunninghamqj	scunninghamqj@mail.com	France	Chemical Engineer
957	66617	Helen	Cox	hcoxqk	hcoxqk@mail.com	Kazakhstan	Help Desk Operator
958	68981	Terry	Butler	tbutlerql	tbutlerql@mail.com	Indonesia	Health Coach III
959	52677	Jerry	Brown	jbrownqm	jbrownqm@mail.com	Czech Republic	Desktop Support Technician
960	59287	Brandon	Hawkins	bhawkinsqn	bhawkinsqn@mail.com	Nigeria	Operator
961	45413	Ruth	Morris	rmorrisqo	rmorrisqo@mail.com	Ukraine	Statistician IV
962	72517	Randy	Miller	rmillerqp	rmillerqp@mail.com	Argentina	Administrative Assistant I
963	42547	Sandra	Fuller	sfullerqq	sfullerqq@mail.com	Indonesia	Account Representative IV
964	92047	Sean	Reynolds	sreynoldsqr	sreynoldsqr@mail.com	Uzbekistan	Design Engineer
965	47885	Anthony	Baker	abakerqs	abakerqs@mail.com	Portugal	Engineer II
966	95614	Richard	Palmer	rpalmerqt	rpalmerqt@mail.com	Pakistan	Analyst Programmer
967	35261	Eugene	Edwards	eedwardsqu	eedwardsqu@mail.com	Russia	Compensation Analyst
968	98685	Samuel	Montgomery	smontgomeryqv	smontgomeryqv@mail.com	China	Staff Scientist
969	92386	Jane	Morales	jmoralesqw	jmoralesqw@mail.com	Lithuania	Nurse
970	22113	Anne	Mccoy	amccoyqx	amccoyqx@mail.com	China	GIS Technical Architect
971	76422	Norma	Warren	nwarrenqy	nwarrenqy@mail.com	China	Physical Therapy Assistant
972	91585	Daniel	Clark	dclarkqz	dclarkqz@mail.com	China	Nurse Practicioner
973	40005	Brian	Nelson	bnelsonr0	bnelsonr0@mail.com	Poland	Developer III
974	69816	Teresa	Taylor	ttaylorr1	ttaylorr1@mail.com	Russia	Web Designer IV
975	87816	Matthew	Richards	mrichardsr2	mrichardsr2@mail.com	China	Media Manager II
976	55938	Kathy	Fowler	kfowlerr3	kfowlerr3@mail.com	Finland	Business Systems Development Analyst
977	12750	Wayne	Armstrong	warmstrongr4	warmstrongr4@mail.com	Portugal	Environmental Tech
978	64041	Raymond	Harper	rharperr5	rharperr5@mail.com	Dominican Republic	VP Quality Control
979	26095	Juan	Butler	jbutlerr6	jbutlerr6@mail.com	Bangladesh	Food Chemist
980	19284	Roy	Day	rdayr7	rdayr7@mail.com	Croatia	Biostatistician II
981	27166	Janice	Cunningham	jcunninghamr8	jcunninghamr8@mail.com	United States	Software Consultant
982	27931	Benjamin	Brooks	bbrooksr9	bbrooksr9@mail.com	Poland	Actuary
983	81813	Keith	Sanchez	ksanchezra	ksanchezra@mail.com	Russia	Geologist I
984	13609	Ashley	Ward	awardrb	awardrb@mail.com	Botswana	Budget/Accounting Analyst III
985	94402	Earl	Armstrong	earmstrongrc	earmstrongrc@mail.com	Russia	Editor
986	51165	Annie	Duncan	aduncanrd	aduncanrd@mail.com	Russia	Media Manager IV
987	37492	Fred	Wallace	fwallacere	fwallacere@mail.com	Portugal	Web Designer II
988	72429	Ann	Perry	aperryrf	aperryrf@mail.com	Guyana	Systems Administrator I
989	17005	Thomas	James	tjamesrg	tjamesrg@mail.com	Costa Rica	Dental Hygienist
990	43643	Evelyn	Burton	eburtonrh	eburtonrh@mail.com	Brazil	Geologist IV
991	14171	Jeffrey	Howell	jhowellri	jhowellri@mail.com	Philippines	Food Chemist
992	50400	Benjamin	Patterson	bpattersonrj	bpattersonrj@mail.com	Indonesia	Senior Sales Associate
993	12156	Deborah	Cunningham	dcunninghamrk	dcunninghamrk@mail.com	China	Executive Secretary
994	43683	Janet	Diaz	jdiazrl	jdiazrl@mail.com	China	Budget/Accounting Analyst I
995	82947	Margaret	Daniels	mdanielsrm	mdanielsrm@mail.com	Thailand	Recruiter
996	37555	Jerry	Hill	jhillrn	jhillrn@mail.com	Denmark	Operator
997	42194	Adam	Collins	acollinsro	acollinsro@mail.com	Poland	Legal Assistant
998	87764	Kathy	Murray	kmurrayrp	kmurrayrp@mail.com	Russia	Operator
999	42081	Stephen	Elliott	selliottrq	selliottrq@mail.com	Philippines	Software Engineer III
1000	86723	Jessica	Stewart	jstewartrr	jstewartrr@mail.com	France	Computer Systems Analyst IV
